USERID,VPL,ID_vpl,DATESSUBMITTED,COMMENTS,DATEGRADED,GRADE,DATA_ENVIO,DATA_AVALIACAO,NOTA,CONTAGEM,ID_alunos,NAME,ATRASO,ENTREGA_NO_PRAZO,NOME
51,79,8268,1682344533,,1682344542,1.000.000,2023-04-24 13:55:33,2023-04-24 13:55:42,10.0,3,79,Questão 1,False,True,Aluno 26
51,80,8270,1682344783,,1682344786,1.000.000,2023-04-24 13:59:43,2023-04-24 13:59:46,10.0,2,80,Questão 2,False,True,Aluno 26
51,81,8272,1682344978,,1682344984,1.000.000,2023-04-24 14:02:58,2023-04-24 14:03:04,10.0,1,81,Questão 3,False,True,Aluno 26
51,82,8278,1682345235,,1682345239,1.000.000,2023-04-24 14:07:15,2023-04-24 14:07:19,10.0,1,82,Questão 4,False,True,Aluno 26
41,79,8279,1682345259,,1682345290,1.000.000,2023-04-24 14:07:39,2023-04-24 14:08:10,10.0,5,79,Questão 1,False,True,Aluno 03
51,83,8281,1682345415,,1682345421,1.000.000,2023-04-24 14:10:15,2023-04-24 14:10:21,10.0,2,83,Questão 5,False,True,Aluno 26
51,84,8286,1682345789,,1682345793,1.000.000,2023-04-24 14:16:29,2023-04-24 14:16:33,10.0,3,84,Questão 6,False,True,Aluno 26
51,85,8287,1682346018,,1682346034,1.000.000,2023-04-24 14:20:18,2023-04-24 14:20:34,10.0,1,85,Questão 7,False,True,Aluno 26
51,86,8291,1682346527,,1682346560,1.000.000,2023-04-24 14:28:47,2023-04-24 14:29:20,10.0,2,86,Questão 8,False,True,Aluno 26
26,79,8292,1682346700,,1682346705,1.000.000,2023-04-24 14:31:40,2023-04-24 14:31:45,10.0,1,79,Questão 1,False,True,Aluno 05
51,87,8304,1682347755,,1682347760,1.000.000,2023-04-24 14:49:15,2023-04-24 14:49:20,10.0,5,87,Questão 9,False,True,Aluno 26
51,88,8313,1682349859,,1682349872,1.000.000,2023-04-24 15:24:19,2023-04-24 15:24:32,10.0,4,88,Questão 10,False,True,Aluno 26
26,80,8322,1682353680,,1682353699,1.000.000,2023-04-24 16:28:00,2023-04-24 16:28:19,10.0,4,80,Questão 2,False,True,Aluno 05
26,81,8332,1682354058,,1682354083,1.000.000,2023-04-24 16:34:18,2023-04-24 16:34:43,10.0,2,81,Questão 3,False,True,Aluno 05
48,79,8353,1682354365,,1682354395,1.000.000,2023-04-24 16:39:25,2023-04-24 16:39:55,10.0,3,79,Questão 1,False,True,Aluno 14
37,79,8368,1682354492,,1682354504,1.000.000,2023-04-24 16:41:32,2023-04-24 16:41:44,10.0,3,79,Questão 1,False,True,Aluno 35
23,79,8378,1682354595,,1682354624,1.000.000,2023-04-24 16:43:15,2023-04-24 16:43:44,10.0,7,79,Questão 1,False,True,Aluno 32
41,80,8381,1682354608,,1682354611,1.000.000,2023-04-24 16:43:28,2023-04-24 16:43:31,10.0,5,80,Questão 2,False,True,Aluno 03
26,82,8391,1682354651,,1682354654,1.000.000,2023-04-24 16:44:11,2023-04-24 16:44:14,10.0,3,82,Questão 4,False,True,Aluno 05
18,79,8392,1682354662,,1682354666,1.000.000,2023-04-24 16:44:22,2023-04-24 16:44:26,10.0,9,79,Questão 1,False,True,Aluno 31
26,83,8412,1682354796,,1682354801,1.000.000,2023-04-24 16:46:36,2023-04-24 16:46:41,10.0,1,83,Questão 5,False,True,Aluno 05
34,79,8436,1682354901,,1682354937,1.000.000,2023-04-24 16:48:21,2023-04-24 16:48:57,10.0,5,79,Questão 1,False,True,Aluno 13
42,79,8448,1682354952,,1682354971,1.000.000,2023-04-24 16:49:12,2023-04-24 16:49:31,10.0,6,79,Questão 1,False,True,Aluno 37
18,80,8465,1682355019,,1682355038,1.000.000,2023-04-24 16:50:19,2023-04-24 16:50:38,10.0,4,80,Questão 2,False,True,Aluno 31
41,81,8494,1682355159,,1682355163,1.000.000,2023-04-24 16:52:39,2023-04-24 16:52:43,10.0,2,81,Questão 3,False,True,Aluno 03
35,79,8499,1682355186,,1682355189,1.000.000,2023-04-24 16:53:06,2023-04-24 16:53:09,10.0,5,79,Questão 1,False,True,Aluno 11
37,80,8501,1682355201,,1682355243,1.000.000,2023-04-24 16:53:21,2023-04-24 16:54:03,10.0,6,80,Questão 2,False,True,Aluno 35
26,84,8504,1682355206,,1682355210,1.000.000,2023-04-24 16:53:26,2023-04-24 16:53:30,10.0,2,84,Questão 6,False,True,Aluno 05
18,81,8602,1682355572,,1682355619,1.000.000,2023-04-24 16:59:32,2023-04-24 17:00:19,10.0,2,81,Questão 3,False,True,Aluno 31
48,80,8611,1682355591,,1682355594,1.000.000,2023-04-24 16:59:51,2023-04-24 16:59:54,10.0,13,80,Questão 2,False,True,Aluno 14
26,85,8617,1682355615,,1682355687,1.000.000,2023-04-24 17:00:15,2023-04-24 17:01:27,10.0,2,85,Questão 7,False,True,Aluno 05
56,79,8619,1682355619,,1682355624,1.000.000,2023-04-24 17:00:19,2023-04-24 17:00:24,10.0,1,79,Questão 1,False,True,Aluno 02
60,79,8635,1682355665,,1682355711,1.000.000,2023-04-24 17:01:05,2023-04-24 17:01:51,10.0,5,79,Questão 1,False,True,Aluno 29
42,80,8636,1682355694,,1682355698,1.000.000,2023-04-24 17:01:34,2023-04-24 17:01:38,10.0,6,80,Questão 2,False,True,Aluno 37
44,79,8648,1682355736,,1682355755,1.000.000,2023-04-24 17:02:16,2023-04-24 17:02:35,10.0,8,79,Questão 1,False,True,Aluno 24
51,90,8658,1682355769,,1682355784,1.000.000,2023-04-24 17:02:49,2023-04-24 17:03:04,10.0,13,90,Questão 11,False,True,Aluno 26
18,82,8682,1682355867,,1682355898,1.000.000,2023-04-24 17:04:27,2023-04-24 17:04:58,10.0,2,82,Questão 4,False,True,Aluno 31
50,79,8687,1682355891,,1682355896,1.000.000,2023-04-24 17:04:51,2023-04-24 17:04:56,10.0,6,79,Questão 1,False,True,Aluno 10
41,82,8701,1682355934,,1682355948,1.000.000,2023-04-24 17:05:34,2023-04-24 17:05:48,10.0,2,82,Questão 4,False,True,Aluno 03
36,79,8710,1682355993,,1682356000,1.000.000,2023-04-24 17:06:33,2023-04-24 17:06:40,10.0,19,79,Questão 1,False,True,Aluno 12
37,81,8727,1682356040,,1682356052,1.000.000,2023-04-24 17:07:20,2023-04-24 17:07:32,10.0,5,81,Questão 3,False,True,Aluno 35
34,80,8735,1682356060,,1682356063,500.000,2023-04-24 17:07:40,2023-04-24 17:07:43,5.0,5,80,Questão 2,False,True,Aluno 13
48,81,8738,1682356067,,1682356071,1.000.000,2023-04-24 17:07:47,2023-04-24 17:07:51,10.0,3,81,Questão 3,False,True,Aluno 14
35,81,8744,1682356105,,1682356118,1.000.000,2023-04-24 17:08:25,2023-04-24 17:08:38,10.0,5,81,Questão 3,False,True,Aluno 11
23,80,8792,1682356272,,1682356294,1.000.000,2023-04-24 17:11:12,2023-04-24 17:11:34,10.0,15,80,Questão 2,False,True,Aluno 32
26,86,8806,1682356332,,1682356345,1.000.000,2023-04-24 17:12:12,2023-04-24 17:12:25,10.0,6,86,Questão 8,False,True,Aluno 05
18,83,8807,1682356336,,1682356357,1.000.000,2023-04-24 17:12:16,2023-04-24 17:12:37,10.0,2,83,Questão 5,False,True,Aluno 31
41,83,8823,1682356387,,1682356398,1.000.000,2023-04-24 17:13:07,2023-04-24 17:13:18,10.0,4,83,Questão 5,False,True,Aluno 03
30,79,8824,1682356394,,1682356431,1.000.000,2023-04-24 17:13:14,2023-04-24 17:13:51,10.0,16,79,Questão 1,False,True,Aluno 20
35,82,8827,1682356404,,1682356418,1.000.000,2023-04-24 17:13:24,2023-04-24 17:13:38,10.0,2,82,Questão 4,False,True,Aluno 11
35,83,8868,1682356656,,1682356660,1.000.000,2023-04-24 17:17:36,2023-04-24 17:17:40,10.0,2,83,Questão 5,False,True,Aluno 11
48,82,8878,1682356690,,1682356694,1.000.000,2023-04-24 17:18:10,2023-04-24 17:18:14,10.0,2,82,Questão 4,False,True,Aluno 14
23,81,8892,1682356756,,1682356796,1.000.000,2023-04-24 17:19:16,2023-04-24 17:19:56,10.0,1,81,Questão 3,False,True,Aluno 32
18,84,8894,1682356771,,1682356809,1.000.000,2023-04-24 17:19:31,2023-04-24 17:20:09,10.0,2,84,Questão 6,False,True,Aluno 31
37,82,8895,1682356771,,1682356793,1.000.000,2023-04-24 17:19:31,2023-04-24 17:19:53,10.0,6,82,Questão 4,False,True,Aluno 35
36,80,8917,1682356870,,1682356974,500.000,2023-04-24 17:21:10,2023-04-24 17:22:54,5.0,9,80,Questão 2,False,True,Aluno 12
42,81,8918,1682356875,,1682356879,1.000.000,2023-04-24 17:21:15,2023-04-24 17:21:19,10.0,6,81,Questão 3,False,True,Aluno 37
38,79,8935,1682356964,,1682356984,1.000.000,2023-04-24 17:22:44,2023-04-24 17:23:04,10.0,18,79,Questão 1,False,True,Aluno 18
27,81,8937,1682356983,,1682356988,1.000.000,2023-04-24 17:23:03,2023-04-24 17:23:08,10.0,6,81,Questão 3,False,True,Aluno 28
34,81,8942,1682357001,,1682357032,1.000.000,2023-04-24 17:23:21,2023-04-24 17:23:52,10.0,4,81,Questão 3,False,True,Aluno 13
56,80,8949,1682357051,,1682357100,1.000.000,2023-04-24 17:24:11,2023-04-24 17:25:00,10.0,1,80,Questão 2,False,True,Aluno 02
22,79,8955,1682357108,,1682357134,1.000.000,2023-04-24 17:25:08,2023-04-24 17:25:34,10.0,1,79,Questão 1,False,True,Aluno 21
27,79,8976,1682357185,,1682357190,1.000.000,2023-04-24 17:26:25,2023-04-24 17:26:30,10.0,10,79,Questão 1,False,True,Aluno 28
41,84,8985,1682357217,,1682357242,1.000.000,2023-04-24 17:26:57,2023-04-24 17:27:22,10.0,2,84,Questão 6,False,True,Aluno 03
26,87,8990,1682357232,,1682357236,1.000.000,2023-04-24 17:27:12,2023-04-24 17:27:16,10.0,8,87,Questão 9,False,True,Aluno 05
37,83,8992,1682357246,,1682357257,1.000.000,2023-04-24 17:27:26,2023-04-24 17:27:37,10.0,4,83,Questão 5,False,True,Aluno 35
35,80,8997,1682357259,,1682357263,1.000.000,2023-04-24 17:27:39,2023-04-24 17:27:43,10.0,7,80,Questão 2,False,True,Aluno 11
27,80,8998,1682357261,,1682357284,500.000,2023-04-24 17:27:41,2023-04-24 17:28:04,5.0,13,80,Questão 2,False,True,Aluno 28
30,80,9001,1682357268,,1682357297,500.000,2023-04-24 17:27:48,2023-04-24 17:28:17,5.0,11,80,Questão 2,False,True,Aluno 20
48,83,9011,1682357305,,1682357309,1.000.000,2023-04-24 17:28:25,2023-04-24 17:28:29,10.0,3,83,Questão 5,False,True,Aluno 14
36,81,9026,1682357356,,1682357359,1.000.000,2023-04-24 17:29:16,2023-04-24 17:29:19,10.0,3,81,Questão 3,False,True,Aluno 12
22,80,9035,1682357391,,1682357422,1.000.000,2023-04-24 17:29:51,2023-04-24 17:30:22,10.0,1,80,Questão 2,False,True,Aluno 21
50,80,9038,1682357405,,1682357410,1.000.000,2023-04-24 17:30:05,2023-04-24 17:30:10,10.0,24,80,Questão 2,False,True,Aluno 10
28,79,9050,1682357482,,1682357518,667.000,2023-04-24 17:31:22,2023-04-24 17:31:58,6.67,7,79,Questão 1,False,True,Aluno 39
60,80,9052,1682357494,,1682357499,1.000.000,2023-04-24 17:31:34,2023-04-24 17:31:39,10.0,5,80,Questão 2,False,True,Aluno 29
44,80,9061,1682357582,,1685735457,1.000.000,2023-04-24 17:33:02,2023-06-02 19:50:57,10.0,3,80,Questão 2,False,True,Aluno 24
22,81,9069,1682357624,,1682357647,1.000.000,2023-04-24 17:33:44,2023-04-24 17:34:07,10.0,1,81,Questão 3,False,True,Aluno 21
48,84,9077,1682357647,,1682357653,1.000.000,2023-04-24 17:34:07,2023-04-24 17:34:13,10.0,2,84,Questão 6,False,True,Aluno 14
34,82,9084,1682357681,,1682357718,1.000.000,2023-04-24 17:34:41,2023-04-24 17:35:18,10.0,2,82,Questão 4,False,True,Aluno 13
50,81,9097,1682357724,,1682357751,1.000.000,2023-04-24 17:35:24,2023-04-24 17:35:51,10.0,2,81,Questão 3,False,True,Aluno 10
26,88,9098,1682357729,,1682357743,1.000.000,2023-04-24 17:35:29,2023-04-24 17:35:43,10.0,3,88,Questão 10,False,True,Aluno 05
42,82,9099,1682357730,,1682357764,1.000.000,2023-04-24 17:35:30,2023-04-24 17:36:04,10.0,2,82,Questão 4,False,True,Aluno 37
35,84,9100,1682357734,,1682357751,1.000.000,2023-04-24 17:35:34,2023-04-24 17:35:51,10.0,3,84,Questão 6,False,True,Aluno 11
56,81,9107,1682357780,,1682357786,1.000.000,2023-04-24 17:36:20,2023-04-24 17:36:26,10.0,2,81,Questão 3,False,True,Aluno 02
45,79,9109,1682357787,,1682357794,1.000.000,2023-04-24 17:36:27,2023-04-24 17:36:34,10.0,11,79,Questão 1,False,True,Aluno 16
36,82,9118,1682357859,,1682357874,1.000.000,2023-04-24 17:37:39,2023-04-24 17:37:54,10.0,4,82,Questão 4,False,True,Aluno 12
52,79,9117,1682357859,,1682357867,1.000.000,2023-04-24 17:37:39,2023-04-24 17:37:47,10.0,7,79,Questão 1,False,True,Aluno 38
23,82,9125,1682357880,,1682357966,1.000.000,2023-04-24 17:38:00,2023-04-24 17:39:26,10.0,2,82,Questão 4,False,True,Aluno 32
30,81,9130,1682357897,,1682357930,1.000.000,2023-04-24 17:38:17,2023-04-24 17:38:50,10.0,2,81,Questão 3,False,True,Aluno 20
22,82,9141,1682357945,,1682357960,1.000.000,2023-04-24 17:39:05,2023-04-24 17:39:20,10.0,1,82,Questão 4,False,True,Aluno 21
41,85,9142,1682357946,,1682357981,1.000.000,2023-04-24 17:39:06,2023-04-24 17:39:41,10.0,3,85,Questão 7,False,True,Aluno 03
37,84,9147,1682357976,,1682358001,1.000.000,2023-04-24 17:39:36,2023-04-24 17:40:01,10.0,6,84,Questão 6,False,True,Aluno 35
42,83,9160,1682358048,,1682358068,1.000.000,2023-04-24 17:40:48,2023-04-24 17:41:08,10.0,1,83,Questão 5,False,True,Aluno 37
50,82,9170,1682358110,,1682358115,1.000.000,2023-04-24 17:41:50,2023-04-24 17:41:55,10.0,2,82,Questão 4,False,True,Aluno 10
34,83,9175,1682358126,,1682358169,1.000.000,2023-04-24 17:42:06,2023-04-24 17:42:49,10.0,2,83,Questão 5,False,True,Aluno 13
56,82,9194,1682358194,,1682358200,1.000.000,2023-04-24 17:43:14,2023-04-24 17:43:20,10.0,2,82,Questão 4,False,True,Aluno 02
36,83,9204,1682358215,,1682358227,1.000.000,2023-04-24 17:43:35,2023-04-24 17:43:47,10.0,3,83,Questão 5,False,True,Aluno 12
22,83,9212,1682358245,,1682358263,1.000.000,2023-04-24 17:44:05,2023-04-24 17:44:23,10.0,4,83,Questão 5,False,True,Aluno 21
28,80,9220,1682358285,,1682358377,500.000,2023-04-24 17:44:45,2023-04-24 17:46:17,5.0,7,80,Questão 2,False,True,Aluno 39
23,83,9224,1682358305,,1682358329,1.000.000,2023-04-24 17:45:05,2023-04-24 17:45:29,10.0,2,83,Questão 5,False,True,Aluno 32
51,91,9230,1682358325,,1682358345,1.000.000,2023-04-24 17:45:25,2023-04-24 17:45:45,10.0,11,91,Questão 12,False,True,Aluno 26
50,83,9231,1682358333,,1682358351,1.000.000,2023-04-24 17:45:33,2023-04-24 17:45:51,10.0,2,83,Questão 5,False,True,Aluno 10
44,81,9233,1682358342,,1682358429,1.000.000,2023-04-24 17:45:42,2023-04-24 17:47:09,10.0,1,81,Questão 3,False,True,Aluno 24
56,83,9254,1682358443,,1682358449,1.000.000,2023-04-24 17:47:23,2023-04-24 17:47:29,10.0,1,83,Questão 5,False,True,Aluno 02
48,85,9261,1682358461,,1682358473,1.000.000,2023-04-24 17:47:41,2023-04-24 17:47:53,10.0,4,85,Questão 7,False,True,Aluno 14
30,82,9272,1682358515,,1682358564,1.000.000,2023-04-24 17:48:35,2023-04-24 17:49:24,10.0,2,82,Questão 4,False,True,Aluno 20
38,80,9274,1682358530,,1682358542,1.000.000,2023-04-24 17:48:50,2023-04-24 17:49:02,10.0,14,80,Questão 2,False,True,Aluno 18
54,79,9278,1682358549,,1682358583,1.000.000,2023-04-24 17:49:09,2023-04-24 17:49:43,10.0,11,79,Questão 1,False,True,Aluno 19
35,85,9292,1682358607,,1682358633,1.000.000,2023-04-24 17:50:07,2023-04-24 17:50:33,10.0,10,85,Questão 7,False,True,Aluno 11
22,84,9298,1682358628,,1682358651,1.000.000,2023-04-24 17:50:28,2023-04-24 17:50:51,10.0,1,84,Questão 6,False,True,Aluno 21
43,79,9306,1682358659,,1682358721,667.000,2023-04-24 17:50:59,2023-04-24 17:52:01,6.67,9,79,Questão 1,False,True,Aluno 07
50,84,9310,1682358671,,1682358715,1.000.000,2023-04-24 17:51:11,2023-04-24 17:51:55,10.0,1,84,Questão 6,False,True,Aluno 10
27,82,9316,1682358702,,1682358705,1.000.000,2023-04-24 17:51:42,2023-04-24 17:51:45,10.0,3,82,Questão 4,False,True,Aluno 28
52,80,9320,1682358719,,1682358914,500.000,2023-04-24 17:51:59,2023-04-24 17:55:14,5.0,10,80,Questão 2,False,True,Aluno 38
30,83,9333,1682358860,,1682358883,1.000.000,2023-04-24 17:54:20,2023-04-24 17:54:43,10.0,2,83,Questão 5,False,True,Aluno 20
41,86,9374,1682359037,,1682359041,1.000.000,2023-04-24 17:57:17,2023-04-24 17:57:21,10.0,7,86,Questão 8,False,True,Aluno 03
60,81,9382,1682359068,,1682359116,1.000.000,2023-04-24 17:57:48,2023-04-24 17:58:36,10.0,14,81,Questão 3,False,True,Aluno 29
34,84,9385,1682359080,,1682359099,1.000.000,2023-04-24 17:58:00,2023-04-24 17:58:19,10.0,3,84,Questão 6,False,True,Aluno 13
27,83,9401,1682359156,,1682359192,1.000.000,2023-04-24 17:59:16,2023-04-24 17:59:52,10.0,1,83,Questão 5,False,True,Aluno 28
18,85,9406,1682359178,,1682359197,1.000.000,2023-04-24 17:59:38,2023-04-24 17:59:57,10.0,12,85,Questão 7,False,True,Aluno 31
38,81,9415,1682359218,,1682359231,1.000.000,2023-04-24 18:00:18,2023-04-24 18:00:31,10.0,5,81,Questão 3,False,True,Aluno 18
22,85,9445,1682359290,,1682359296,1.000.000,2023-04-24 18:01:30,2023-04-24 18:01:36,10.0,2,85,Questão 7,False,True,Aluno 21
44,82,9450,1682359319,,1682359353,1.000.000,2023-04-24 18:01:59,2023-04-24 18:02:33,10.0,3,82,Questão 4,False,True,Aluno 24
45,80,9459,1682359352,,1682359356,1.000.000,2023-04-24 18:02:32,2023-04-24 18:02:36,10.0,17,80,Questão 2,False,True,Aluno 16
28,81,9461,1682359354,,1682359376,1.000.000,2023-04-24 18:02:34,2023-04-24 18:02:56,10.0,4,81,Questão 3,False,True,Aluno 39
35,86,9468,1682359416,,1682359476,1.000.000,2023-04-24 18:03:36,2023-04-24 18:04:36,10.0,8,86,Questão 8,False,True,Aluno 11
46,79,9479,1682360409,,1682360414,1.000.000,2023-04-24 18:20:09,2023-04-24 18:20:14,10.0,7,79,Questão 1,False,True,Aluno 25
28,82,9486,1682369860,,1682369885,1.000.000,2023-04-24 20:57:40,2023-04-24 20:58:05,10.0,5,82,Questão 4,False,True,Aluno 39
28,83,9487,1682370117,,1682370138,1.000.000,2023-04-24 21:01:57,2023-04-24 21:02:18,10.0,5,83,Questão 5,False,True,Aluno 39
28,84,9489,1682370974,,1682371020,667.000,2023-04-24 21:16:14,2023-04-24 21:17:00,6.67,1,84,Questão 6,False,True,Aluno 39
28,85,9500,1682371637,,1682371680,333.000,2023-04-24 21:27:17,2023-04-24 21:28:00,3.33,6,85,Questão 7,False,True,Aluno 39
36,84,9510,1682383474,,1682383834,1.000.000,2023-04-25 00:44:34,2023-04-25 00:50:34,10.0,14,84,Questão 6,False,True,Aluno 12
18,86,9530,1682386513,,1682386533,1.000.000,2023-04-25 01:35:13,2023-04-25 01:35:33,10.0,4,86,Questão 8,False,True,Aluno 31
36,85,9539,1682386904,,1682386908,1.000.000,2023-04-25 01:41:44,2023-04-25 01:41:48,10.0,7,85,Questão 7,False,True,Aluno 12
36,86,9557,1682387946,,1682387964,1.000.000,2023-04-25 01:59:06,2023-04-25 01:59:24,10.0,5,86,Questão 8,False,True,Aluno 12
36,87,9598,1682394530,,1682394534,1.000.000,2023-04-25 03:48:50,2023-04-25 03:48:54,10.0,24,87,Questão 9,False,True,Aluno 12
34,85,9623,1682417871,,1682417876,1.000.000,2023-04-25 10:17:51,2023-04-25 10:17:56,10.0,16,85,Questão 7,False,True,Aluno 13
34,86,9664,1682421340,,1682421368,1.000.000,2023-04-25 11:15:40,2023-04-25 11:16:08,10.0,8,86,Questão 8,False,True,Aluno 13
50,85,9668,1682421470,,1682421544,1.000.000,2023-04-25 11:17:50,2023-04-25 11:19:04,10.0,39,85,Questão 7,False,True,Aluno 10
35,87,9679,1682424589,,1682424628,1.000.000,2023-04-25 12:09:49,2023-04-25 12:10:28,10.0,12,87,Questão 9,False,True,Aluno 11
39,79,9688,1682430994,,1682430999,1.000.000,2023-04-25 13:56:34,2023-04-25 13:56:39,10.0,2,79,Questão 1,False,True,Aluno 17
39,80,9695,1682432167,,1682432213,1.000.000,2023-04-25 14:16:07,2023-04-25 14:16:53,10.0,6,80,Questão 2,False,True,Aluno 17
39,81,9701,1682433339,,1682433349,1.000.000,2023-04-25 14:35:39,2023-04-25 14:35:49,10.0,5,81,Questão 3,False,True,Aluno 17
39,82,9702,1682433526,,1682433553,1.000.000,2023-04-25 14:38:46,2023-04-25 14:39:13,10.0,1,82,Questão 4,False,True,Aluno 17
39,83,9704,1682433812,,1682433818,1.000.000,2023-04-25 14:43:32,2023-04-25 14:43:38,10.0,2,83,Questão 5,False,True,Aluno 17
39,84,9710,1682434246,,1682434250,1.000.000,2023-04-25 14:50:46,2023-04-25 14:50:50,10.0,5,84,Questão 6,False,True,Aluno 17
65,79,9715,1682438086,,1682438112,333.000,2023-04-25 15:54:46,2023-04-25 15:55:12,3.33,5,79,Questão 1,False,True,Aluno 08
41,87,9722,1682438445,,1682438450,1.000.000,2023-04-25 16:00:45,2023-04-25 16:00:50,10.0,5,87,Questão 9,False,True,Aluno 03
41,88,9741,1682511289,,1682511316,1.000.000,2023-04-26 12:14:49,2023-04-26 12:15:16,10.0,2,88,Questão 10,False,True,Aluno 03
52,81,9802,1682530414,,1682530430,1.000.000,2023-04-26 17:33:34,2023-04-26 17:33:50,10.0,7,81,Questão 3,False,True,Aluno 38
49,79,9816,1682532193,,1682532266,1.000.000,2023-04-26 18:03:13,2023-04-26 18:04:26,10.0,7,79,Questão 1,False,True,Aluno 22
28,86,9817,1682532198,,1682532211,1.000.000,2023-04-26 18:03:18,2023-04-26 18:03:31,10.0,10,86,Questão 8,False,True,Aluno 39
34,88,9828,1682548533,,1682548551,1.000.000,2023-04-26 22:35:33,2023-04-26 22:35:51,10.0,4,88,Questão 10,False,True,Aluno 13
23,84,9862,1682552164,,1682552229,1.000.000,2023-04-26 23:36:04,2023-04-26 23:37:09,10.0,8,84,Questão 6,False,True,Aluno 32
30,84,9885,1682553523,,1682553579,1.000.000,2023-04-26 23:58:43,2023-04-26 23:59:39,10.0,3,84,Questão 6,False,True,Aluno 20
21,79,9886,1682553704,,1682553711,667.000,2023-04-27 00:01:44,2023-04-27 00:01:51,6.67,9,79,Questão 1,False,True,Aluno 30
23,85,9895,1682553983,,1682554025,1.000.000,2023-04-27 00:06:23,2023-04-27 00:07:05,10.0,7,85,Questão 7,False,True,Aluno 32
63,79,9904,1682554345,,1682554373,1.000.000,2023-04-27 00:12:25,2023-04-27 00:12:53,10.0,20,79,Questão 1,False,True,Aluno 01
23,86,9913,1682555124,,1682555251,1.000.000,2023-04-27 00:25:24,2023-04-27 00:27:31,10.0,7,86,Questão 8,False,True,Aluno 32
30,85,9919,1682555487,,1682555539,1.000.000,2023-04-27 00:31:27,2023-04-27 00:32:19,10.0,6,85,Questão 7,False,True,Aluno 20
38,82,9928,1682556384,,1682556408,1.000.000,2023-04-27 00:46:24,2023-04-27 00:46:48,10.0,2,82,Questão 4,False,True,Aluno 18
30,86,9943,1682556767,,1682556798,500.000,2023-04-27 00:52:47,2023-04-27 00:53:18,5.0,5,86,Questão 8,False,True,Aluno 20
38,83,9945,1682556818,,1682556843,1.000.000,2023-04-27 00:53:38,2023-04-27 00:54:03,10.0,2,83,Questão 5,False,True,Aluno 18
28,87,9951,1682556935,,1682557189,667.000,2023-04-27 00:55:35,2023-04-27 00:59:49,6.67,8,87,Questão 9,False,True,Aluno 39
39,85,9963,1682557258,,1682557285,1.000.000,2023-04-27 01:00:58,2023-04-27 01:01:25,10.0,11,85,Questão 7,False,True,Aluno 17
23,87,9972,1682557663,,1682557700,1.000.000,2023-04-27 01:07:43,2023-04-27 01:08:20,10.0,10,87,Questão 9,False,True,Aluno 32
39,86,10004,1682558428,,1682558432,1.000.000,2023-04-27 01:20:28,2023-04-27 01:20:32,10.0,9,86,Questão 8,False,True,Aluno 17
23,88,10015,1682558849,,1682559038,1.000.000,2023-04-27 01:27:29,2023-04-27 01:30:38,10.0,2,88,Questão 10,False,True,Aluno 32
21,80,10043,1682559688,,1682559702,1.000.000,2023-04-27 01:41:28,2023-04-27 01:41:42,10.0,4,80,Questão 2,False,True,Aluno 30
26,91,10055,1682559921,,1682559925,1.000.000,2023-04-27 01:45:21,2023-04-27 01:45:25,10.0,5,91,Questão 12,False,True,Aluno 05
21,81,10066,1682560106,,1682560125,1.000.000,2023-04-27 01:48:26,2023-04-27 01:48:45,10.0,2,81,Questão 3,False,True,Aluno 30
23,90,10082,1682560636,,1682560732,1.000.000,2023-04-27 01:57:16,2023-04-27 01:58:52,10.0,6,90,Questão 11,False,True,Aluno 32
21,82,10088,1682560696,,1682560700,1.000.000,2023-04-27 01:58:16,2023-04-27 01:58:20,10.0,3,82,Questão 4,False,True,Aluno 30
39,87,10090,1682560788,"Por algum motivo o compilador não está interpretando corretamente os intervalos, ex. [0, 2.9],{2.9,4.9],{4.9,10]",1682560808,1.000.000,2023-04-27 01:59:48,2023-04-27 02:00:08,10.0,19,87,Questão 9,False,True,Aluno 17
21,83,10092,1682560825,,1682560836,1.000.000,2023-04-27 02:00:25,2023-04-27 02:00:36,10.0,2,83,Questão 5,False,True,Aluno 30
28,88,10095,1682560949,,1682560953,1.000.000,2023-04-27 02:02:29,2023-04-27 02:02:33,10.0,24,88,Questão 10,False,True,Aluno 39
39,88,10098,1682561348,,1682561387,1.000.000,2023-04-27 02:09:08,2023-04-27 02:09:47,10.0,2,88,Questão 10,False,True,Aluno 17
39,90,10106,1682562458,,1682562478,1.000.000,2023-04-27 02:27:38,2023-04-27 02:27:58,10.0,3,90,Questão 11,False,True,Aluno 17
35,88,10109,1682562743,,1682562747,1.000.000,2023-04-27 02:32:23,2023-04-27 02:32:27,10.0,4,88,Questão 10,False,True,Aluno 11
35,90,10129,1682564173,,1682564176,1.000.000,2023-04-27 02:56:13,2023-04-27 02:56:16,10.0,14,90,Questão 11,False,True,Aluno 11
21,84,10140,1682564689,,1682564693,1.000.000,2023-04-27 03:04:49,2023-04-27 03:04:53,10.0,7,84,Questão 6,False,True,Aluno 30
39,91,10141,1682564716,,1682564719,1.000.000,2023-04-27 03:05:16,2023-04-27 03:05:19,10.0,7,91,Questão 12,False,True,Aluno 17
21,85,10167,1682566626,,1682566630,1.000.000,2023-04-27 03:37:06,2023-04-27 03:37:10,10.0,9,85,Questão 7,False,True,Aluno 30
65,80,10191,1682584262,,1682584299,0,2023-04-27 08:31:02,2023-04-27 08:31:39,0.0,5,80,Questão 2,False,True,Aluno 08
65,81,10202,1682590329,,1682590414,0,2023-04-27 10:12:09,2023-04-27 10:13:34,0.0,12,81,Questão 3,False,True,Aluno 08
41,91,10217,1682594892,,1682594896,1.000.000,2023-04-27 11:28:12,2023-04-27 11:28:16,10.0,14,91,Questão 12,False,True,Aluno 03
18,88,10231,1682596283,,1682596303,1.000.000,2023-04-27 11:51:23,2023-04-27 11:51:43,10.0,1,88,Questão 10,False,True,Aluno 31
49,80,10254,1682597369,,1682597397,1.000.000,2023-04-27 12:09:29,2023-04-27 12:09:57,10.0,7,80,Questão 2,False,True,Aluno 22
49,81,10278,1682598539,,1682598576,1.000.000,2023-04-27 12:28:59,2023-04-27 12:29:36,10.0,5,81,Questão 3,False,True,Aluno 22
27,84,10302,1682600013,,1682600018,1.000.000,2023-04-27 12:53:33,2023-04-27 12:53:38,10.0,6,84,Questão 6,False,True,Aluno 28
49,82,10303,1682600035,,1682600060,1.000.000,2023-04-27 12:53:55,2023-04-27 12:54:20,10.0,3,82,Questão 4,False,True,Aluno 22
25,81,10309,1682600409,,1682600457,1.000.000,2023-04-27 13:00:09,2023-04-27 13:00:57,10.0,4,81,Questão 3,False,True,Aluno 04
49,83,10314,1682600463,,1682600496,1.000.000,2023-04-27 13:01:03,2023-04-27 13:01:36,10.0,2,83,Questão 5,False,True,Aluno 22
49,84,10364,1682602131,,1682602154,1.000.000,2023-04-27 13:28:51,2023-04-27 13:29:14,10.0,10,84,Questão 6,False,True,Aluno 22
27,85,10387,1682603220,,1682603340,1.000.000,2023-04-27 13:47:00,2023-04-27 13:49:00,10.0,20,85,Questão 7,False,True,Aluno 28
27,86,10432,1682604671,,1682604687,1.000.000,2023-04-27 14:11:11,2023-04-27 14:11:27,10.0,5,86,Questão 8,False,True,Aluno 28
48,86,10479,1682606066,,1682606070,1.000.000,2023-04-27 14:34:26,2023-04-27 14:34:30,10.0,9,86,Questão 8,False,True,Aluno 14
27,87,10490,1682607136,,1682607140,667.000,2023-04-27 14:52:16,2023-04-27 14:52:20,6.67,13,87,Questão 9,False,True,Aluno 28
20,79,10493,1682608013,,1682608018,1.000.000,2023-04-27 15:06:53,2023-04-27 15:06:58,10.0,16,79,Questão 1,False,True,Aluno 06
20,80,10503,1682608652,,1685752751,1.000.000,2023-04-27 15:17:32,2023-06-03 00:39:11,10.0,7,80,Questão 2,False,True,Aluno 06
48,87,10539,1682610630,,1682610634,1.000.000,2023-04-27 15:50:30,2023-04-27 15:50:34,10.0,14,87,Questão 9,False,True,Aluno 14
48,88,10550,1682611179,,1682611196,1.000.000,2023-04-27 15:59:39,2023-04-27 15:59:56,10.0,1,88,Questão 10,False,True,Aluno 14
50,86,10563,1682616235,,1682616280,1.000.000,2023-04-27 17:23:55,2023-04-27 17:24:40,10.0,3,86,Questão 8,False,True,Aluno 10
49,85,10564,1682616603,,1682616649,1.000.000,2023-04-27 17:30:03,2023-04-27 17:30:49,10.0,38,85,Questão 7,False,True,Aluno 22
56,84,10582,1682623723,,1682685083,667.000,2023-04-27 19:28:43,2023-04-28 12:31:23,6.67,8,84,Questão 6,False,True,Aluno 02
43,80,10588,1682623802,,1682623845,1.000.000,2023-04-27 19:30:02,2023-04-27 19:30:45,10.0,8,80,Questão 2,False,True,Aluno 07
44,83,10590,1682623834,,1682623873,1.000.000,2023-04-27 19:30:34,2023-04-27 19:31:13,10.0,5,83,Questão 5,False,True,Aluno 24
43,81,10595,1682624034,,1682624040,1.000.000,2023-04-27 19:33:54,2023-04-27 19:34:00,10.0,3,81,Questão 3,False,True,Aluno 07
60,82,10599,1682624174,,1682624220,1.000.000,2023-04-27 19:36:14,2023-04-27 19:37:00,10.0,2,82,Questão 4,False,True,Aluno 29
43,82,10605,1682624573,,1682624595,1.000.000,2023-04-27 19:42:53,2023-04-27 19:43:15,10.0,4,82,Questão 4,False,True,Aluno 07
44,84,10622,1682625046,,1682625123,1.000.000,2023-04-27 19:50:46,2023-04-27 19:52:03,10.0,7,84,Questão 6,False,True,Aluno 24
43,83,10625,1682625109,,1682625141,1.000.000,2023-04-27 19:51:49,2023-04-27 19:52:21,10.0,3,83,Questão 5,False,True,Aluno 07
60,83,10626,1682625112,,1682625140,1.000.000,2023-04-27 19:51:52,2023-04-27 19:52:20,10.0,6,83,Questão 5,False,True,Aluno 29
63,80,10661,1682638624,,1682638675,1.000.000,2023-04-27 23:37:04,2023-04-27 23:37:55,10.0,5,80,Questão 2,False,True,Aluno 01
54,80,10662,1682638693,,1682638704,1.000.000,2023-04-27 23:38:13,2023-04-27 23:38:24,10.0,5,80,Questão 2,False,True,Aluno 19
54,81,10668,1682639147,,1682639169,1.000.000,2023-04-27 23:45:47,2023-04-27 23:46:09,10.0,2,81,Questão 3,False,True,Aluno 19
54,82,10673,1682639407,,1682639439,1.000.000,2023-04-27 23:50:07,2023-04-27 23:50:39,10.0,2,82,Questão 4,False,True,Aluno 19
65,82,10676,1682639436,,1682639543,500.000,2023-04-27 23:50:36,2023-04-27 23:52:23,5.0,8,82,Questão 4,False,True,Aluno 08
54,83,10681,1682639604,,1682639620,1.000.000,2023-04-27 23:53:24,2023-04-27 23:53:40,10.0,2,83,Questão 5,False,True,Aluno 19
35,91,10687,1682639782,,1682639785,1.000.000,2023-04-27 23:56:22,2023-04-27 23:56:25,10.0,13,91,Questão 12,False,True,Aluno 11
54,84,10698,1682640090,,1682640131,1.000.000,2023-04-28 00:01:30,2023-04-28 00:02:11,10.0,6,84,Questão 6,False,True,Aluno 19
30,90,10700,1682640128,,1682640618,1.000.000,2023-04-28 00:02:08,2023-04-28 00:10:18,10.0,2,90,Questão 11,False,True,Aluno 20
63,81,10704,1682640223,,1682640302,1.000.000,2023-04-28 00:03:43,2023-04-28 00:05:02,10.0,2,81,Questão 3,False,True,Aluno 01
54,85,10713,1682640668,,1682640697,1.000.000,2023-04-28 00:11:08,2023-04-28 00:11:37,10.0,4,85,Questão 7,False,True,Aluno 19
65,83,10727,1682641185,,1682641209,1.000.000,2023-04-28 00:19:45,2023-04-28 00:20:09,10.0,6,83,Questão 5,False,True,Aluno 08
63,82,10761,1682642187,,1682642203,1.000.000,2023-04-28 00:36:27,2023-04-28 00:36:43,10.0,4,82,Questão 4,False,True,Aluno 01
63,83,10779,1682642908,,1682642931,1.000.000,2023-04-28 00:48:28,2023-04-28 00:48:51,10.0,1,83,Questão 5,False,True,Aluno 01
27,88,10783,1682642987,,1682642995,1.000.000,2023-04-28 00:49:47,2023-04-28 00:49:55,10.0,3,88,Questão 10,False,True,Aluno 28
27,90,10816,1682644104,,1682644113,1.000.000,2023-04-28 01:08:24,2023-04-28 01:08:33,10.0,4,90,Questão 11,False,True,Aluno 28
57,79,10818,1682644151,,1682644246,1.000.000,2023-04-28 01:09:11,2023-04-28 01:10:46,10.0,6,79,Questão 1,False,True,Aluno 27
63,84,10830,1682644421,,1682644464,1.000.000,2023-04-28 01:13:41,2023-04-28 01:14:24,10.0,6,84,Questão 6,False,True,Aluno 01
36,88,10834,1682644520,,1682644540,1.000.000,2023-04-28 01:15:20,2023-04-28 01:15:40,10.0,6,88,Questão 10,False,True,Aluno 12
36,90,10869,1682646565,,1682646569,1.000.000,2023-04-28 01:49:25,2023-04-28 01:49:29,10.0,4,90,Questão 11,False,True,Aluno 12
27,91,10879,1682646757,,1682646761,1.000.000,2023-04-28 01:52:37,2023-04-28 01:52:41,10.0,13,91,Questão 12,False,True,Aluno 28
21,86,10912,1682648005,,1682648038,1.000.000,2023-04-28 02:13:25,2023-04-28 02:13:58,10.0,18,86,Questão 8,False,True,Aluno 30
46,81,10944,1682649493,,1682649522,1.000.000,2023-04-28 02:38:13,2023-04-28 02:38:42,10.0,5,81,Questão 3,False,True,Aluno 25
46,82,10972,1682650566,,1682650612,1.000.000,2023-04-28 02:56:06,2023-04-28 02:56:52,10.0,6,82,Questão 4,False,True,Aluno 25
46,83,10983,1682651021,,1682651053,1.000.000,2023-04-28 03:03:41,2023-04-28 03:04:13,10.0,1,83,Questão 5,False,True,Aluno 25
36,91,10989,1682651400,,1682651403,1.000.000,2023-04-28 03:10:00,2023-04-28 03:10:03,10.0,27,91,Questão 12,False,True,Aluno 12
57,80,11018,1682654939,,1682654953,1.000.000,2023-04-28 04:08:59,2023-04-28 04:09:13,10.0,14,80,Questão 2,False,True,Aluno 27
57,81,11019,1682655674,,1682655760,1.000.000,2023-04-28 04:21:14,2023-04-28 04:22:40,10.0,1,81,Questão 3,False,True,Aluno 27
57,82,11023,1682656492,,1682656510,1.000.000,2023-04-28 04:34:52,2023-04-28 04:35:10,10.0,4,82,Questão 4,False,True,Aluno 27
44,85,11074,1682680867,,1682680884,1.000.000,2023-04-28 11:21:07,2023-04-28 11:21:24,10.0,14,85,Questão 7,False,True,Aluno 24
18,91,11082,1682681656,"Enviado por Administrador Usuário
",1682681666,1.000.000,2023-04-28 11:34:16,2023-04-28 11:34:26,10.0,15,91,Questão 12,False,True,Aluno 31
43,84,11085,1682681913,,1682682067,1.000.000,2023-04-28 11:38:33,2023-04-28 11:41:07,10.0,3,84,Questão 6,False,True,Aluno 07
25,82,11111,1682683358,,1682683398,1.000.000,2023-04-28 12:02:38,2023-04-28 12:03:18,10.0,14,82,Questão 4,False,True,Aluno 04
44,86,11121,1682683929,,1682683937,1.000.000,2023-04-28 12:12:09,2023-04-28 12:12:17,10.0,3,86,Questão 8,False,True,Aluno 24
25,83,11129,1682684253,,1682684271,1.000.000,2023-04-28 12:17:33,2023-04-28 12:17:51,10.0,4,83,Questão 5,False,True,Aluno 04
43,85,11136,1682684458,,1682684539,1.000.000,2023-04-28 12:20:58,2023-04-28 12:22:19,10.0,8,85,Questão 7,False,True,Aluno 07
44,87,11201,1682686020,,1682686026,1.000.000,2023-04-28 12:47:00,2023-04-28 12:47:06,10.0,4,87,Questão 9,False,True,Aluno 24
25,84,11213,1682686267,,1682686342,1.000.000,2023-04-28 12:51:07,2023-04-28 12:52:22,10.0,9,84,Questão 6,False,True,Aluno 04
43,86,11215,1682686294,,1682690620,500.000,2023-04-28 12:51:34,2023-04-28 14:03:40,5.0,3,86,Questão 8,False,True,Aluno 07
25,80,11220,1682686462,,1682686468,1.000.000,2023-04-28 12:54:22,2023-04-28 12:54:28,10.0,23,80,Questão 2,False,True,Aluno 04
49,86,11232,1682686718,,1682686725,1.000.000,2023-04-28 12:58:38,2023-04-28 12:58:45,10.0,28,86,Questão 8,False,True,Aluno 22
42,84,11256,1682687471,,1682687493,1.000.000,2023-04-28 13:11:11,2023-04-28 13:11:33,10.0,7,84,Questão 6,False,True,Aluno 37
56,85,11263,1682687622,,1682687626,1.000.000,2023-04-28 13:13:42,2023-04-28 13:13:46,10.0,13,85,Questão 7,False,True,Aluno 02
23,75,11270,1682687677,,1682687691,10.000.000,2023-04-28 13:14:37,2023-04-28 13:14:51,10.0,3,75,Questão 15,False,True,Aluno 32
50,88,11282,1682687875,,1682687894,1.000.000,2023-04-28 13:17:55,2023-04-28 13:18:14,10.0,4,88,Questão 10,False,True,Aluno 10
39,75,11294,1682688049,,1682688065,10.000.000,2023-04-28 13:20:49,2023-04-28 13:21:05,10.0,3,75,Questão 15,False,True,Aluno 17
44,88,11338,1682688760,,1682688833,1.000.000,2023-04-28 13:32:40,2023-04-28 13:33:53,10.0,2,88,Questão 10,False,True,Aluno 24
36,75,11339,1682688770,,1682688774,10.000.000,2023-04-28 13:32:50,2023-04-28 13:32:54,10.0,4,75,Questão 15,False,True,Aluno 12
39,77,11391,1682689588,,1682689602,1.000.000,2023-04-28 13:46:28,2023-04-28 13:46:42,10.0,17,77,Questão 16,False,True,Aluno 17
50,87,11406,1682689908,,1682689919,1.000.000,2023-04-28 13:51:48,2023-04-28 13:51:59,10.0,41,87,Questão 9,False,True,Aluno 10
27,75,11444,1682690452,,1682690456,10.000.000,2023-04-28 14:00:52,2023-04-28 14:00:56,10.0,3,75,Questão 15,False,True,Aluno 28
50,91,11445,1682690463,,1682690473,1.000.000,2023-04-28 14:01:03,2023-04-28 14:01:13,10.0,16,91,Questão 12,False,True,Aluno 10
60,85,11489,1682691356,,1682691434,1.000.000,2023-04-28 14:15:56,2023-04-28 14:17:14,10.0,31,85,Questão 7,False,True,Aluno 29
44,90,11500,1682691808,,1682691845,800.000,2023-04-28 14:23:28,2023-04-28 14:24:05,8.0,5,90,Questão 11,False,True,Aluno 24
51,75,11505,1682691984,,1682691989,10.000.000,2023-04-28 14:26:24,2023-04-28 14:26:29,10.0,4,75,Questão 15,False,True,Aluno 26
25,86,11511,1682692154,,1682692196,1.000.000,2023-04-28 14:29:14,2023-04-28 14:29:56,10.0,4,86,Questão 8,False,True,Aluno 04
46,86,11514,1682692223,,1682692243,1.000.000,2023-04-28 14:30:23,2023-04-28 14:30:43,10.0,4,86,Questão 8,False,True,Aluno 25
51,77,11536,1682693132,,1682693140,1.000.000,2023-04-28 14:45:32,2023-04-28 14:45:40,10.0,9,77,Questão 16,False,True,Aluno 26
43,87,11548,1682694327,,1682694430,1.000.000,2023-04-28 15:05:27,2023-04-28 15:07:10,10.0,15,87,Questão 9,False,True,Aluno 07
44,91,11566,1682697317,,1682697322,750.000,2023-04-28 15:55:17,2023-04-28 15:55:22,7.5,21,91,Questão 12,False,True,Aluno 24
25,87,11571,1682697551,,1682697571,1.000.000,2023-04-28 15:59:11,2023-04-28 15:59:31,10.0,7,87,Questão 9,False,True,Aluno 04
40,81,11584,1682698427,,1682713324,1.000.000,2023-04-28 16:13:47,2023-04-28 20:22:04,10.0,5,81,Questão 3,False,True,Aluno 09
25,88,11591,1682698752,,1682698783,1.000.000,2023-04-28 16:19:12,2023-04-28 16:19:43,10.0,2,88,Questão 10,False,True,Aluno 04
43,88,11593,1682698998,,1682700364,1.000.000,2023-04-28 16:23:18,2023-04-28 16:46:04,10.0,10,88,Questão 10,False,True,Aluno 07
46,84,11594,1682699069,,1682699075,1.000.000,2023-04-28 16:24:29,2023-04-28 16:24:35,10.0,7,84,Questão 6,False,True,Aluno 25
46,80,11595,1682699137,,1682699142,1.000.000,2023-04-28 16:25:37,2023-04-28 16:25:42,10.0,10,80,Questão 2,False,True,Aluno 25
40,82,11637,1682700793,,1682715561,1.000.000,2023-04-28 16:53:13,2023-04-28 20:59:21,10.0,19,82,Questão 4,False,True,Aluno 09
25,90,11656,1682702778,,1682702911,1.000.000,2023-04-28 17:26:18,2023-04-28 17:28:31,10.0,4,90,Questão 11,False,True,Aluno 04
44,75,11687,1682705779,,1682713186,10.000.000,2023-04-28 18:16:19,2023-04-28 20:19:46,10.0,10,75,Questão 15,False,True,Aluno 24
52,82,11728,1682710018,,1682710030,1.000.000,2023-04-28 19:26:58,2023-04-28 19:27:10,10.0,5,82,Questão 4,False,True,Aluno 38
40,83,11763,1682712793,,1682715651,1.000.000,2023-04-28 20:13:13,2023-04-28 21:00:51,10.0,9,83,Questão 5,False,True,Aluno 09
52,83,11768,1682712834,,1682712858,1.000.000,2023-04-28 20:13:54,2023-04-28 20:14:18,10.0,2,83,Questão 5,False,True,Aluno 38
38,84,11772,1682712898,,1682712915,1.000.000,2023-04-28 20:14:58,2023-04-28 20:15:15,10.0,17,84,Questão 6,False,True,Aluno 18
63,85,11803,1682713110,,1682713353,1.000.000,2023-04-28 20:18:30,2023-04-28 20:22:33,10.0,7,85,Questão 7,False,True,Aluno 01
57,83,11805,1682713112,,1682713137,1.000.000,2023-04-28 20:18:32,2023-04-28 20:18:57,10.0,1,83,Questão 5,False,True,Aluno 27
22,86,11817,1682713151,,1682713165,1.000.000,2023-04-28 20:19:11,2023-04-28 20:19:25,10.0,4,86,Questão 8,False,True,Aluno 21
46,85,11838,1682713279,,1682713291,1.000.000,2023-04-28 20:21:19,2023-04-28 20:21:31,10.0,16,85,Questão 7,False,True,Aluno 25
45,81,11853,1682713379,,1682713392,1.000.000,2023-04-28 20:22:59,2023-04-28 20:23:12,10.0,4,81,Questão 3,False,True,Aluno 16
25,91,11854,1682713382,,1682713421,1.000.000,2023-04-28 20:23:02,2023-04-28 20:23:41,10.0,10,91,Questão 12,False,True,Aluno 04
50,76,11876,1682713498,,1682713507,1.000.000,2023-04-28 20:24:58,2023-04-28 20:25:07,10.0,18,76,Questão 14,False,True,Aluno 10
47,79,11890,1682713569,,1682713591,1.000.000,2023-04-28 20:26:09,2023-04-28 20:26:31,10.0,22,79,Questão 1,False,True,Aluno 36
20,81,11892,1682713585,,1682713590,1.000.000,2023-04-28 20:26:25,2023-04-28 20:26:30,10.0,9,81,Questão 3,False,True,Aluno 06
26,76,11896,1682713594,,1682713628,1.000.000,2023-04-28 20:26:34,2023-04-28 20:27:08,10.0,12,76,Questão 14,False,True,Aluno 05
40,80,11900,1682713632,,1682713643,1.000.000,2023-04-28 20:27:12,2023-04-28 20:27:23,10.0,25,80,Questão 2,False,True,Aluno 09
52,84,11903,1682713639,,1682713644,667.000,2023-04-28 20:27:19,2023-04-28 20:27:24,6.67,6,84,Questão 6,False,True,Aluno 38
27,76,11936,1682713816,,1682713911,1.000.000,2023-04-28 20:30:16,2023-04-28 20:31:51,10.0,10,76,Questão 14,False,True,Aluno 28
45,82,11938,1682713820,,1682713823,1.000.000,2023-04-28 20:30:20,2023-04-28 20:30:23,10.0,4,82,Questão 4,False,True,Aluno 16
20,82,11950,1682713853,,1682713857,1.000.000,2023-04-28 20:30:53,2023-04-28 20:30:57,10.0,1,82,Questão 4,False,True,Aluno 06
39,76,11963,1682713903,,1682713908,1.000.000,2023-04-28 20:31:43,2023-04-28 20:31:48,10.0,14,76,Questão 14,False,True,Aluno 17
50,75,11978,1682713966,,1682713972,10.000.000,2023-04-28 20:32:46,2023-04-28 20:32:52,10.0,2,75,Questão 15,False,True,Aluno 10
57,84,11979,1682713972,,1682713992,1.000.000,2023-04-28 20:32:52,2023-04-28 20:33:12,10.0,4,84,Questão 6,False,True,Aluno 27
42,85,11980,1682713977,,1682714011,1.000.000,2023-04-28 20:32:57,2023-04-28 20:33:31,10.0,10,85,Questão 7,False,True,Aluno 37
43,90,11982,1682713984,,1682713989,1.000.000,2023-04-28 20:33:04,2023-04-28 20:33:09,10.0,5,90,Questão 11,False,True,Aluno 07
21,87,11995,1682714025,,1682714046,1.000.000,2023-04-28 20:33:45,2023-04-28 20:34:06,10.0,32,87,Questão 9,False,True,Aluno 30
20,83,11997,1682714028,,1682714032,1.000.000,2023-04-28 20:33:48,2023-04-28 20:33:52,10.0,2,83,Questão 5,False,True,Aluno 06
26,75,11998,1682714032,,1682714036,10.000.000,2023-04-28 20:33:52,2023-04-28 20:33:56,10.0,2,75,Questão 15,False,True,Aluno 05
36,77,11999,1682714034,,1682714037,1.000.000,2023-04-28 20:33:54,2023-04-28 20:33:57,10.0,8,77,Questão 16,False,True,Aluno 12
41,76,12002,1682714053,,1682714057,1.000.000,2023-04-28 20:34:13,2023-04-28 20:34:17,10.0,12,76,Questão 14,False,True,Aluno 03
18,87,12015,1682714140,,1682714148,1.000.000,2023-04-28 20:35:40,2023-04-28 20:35:48,10.0,9,87,Questão 9,False,True,Aluno 31
38,85,12018,1682714147,,1682714185,1.000.000,2023-04-28 20:35:47,2023-04-28 20:36:25,10.0,17,85,Questão 7,False,True,Aluno 18
39,95,12032,1682714202,,1682714213,10.000.000,2023-04-28 20:36:42,2023-04-28 20:36:53,10.0,2,95,Questão 17,False,True,Aluno 17
56,86,12043,1682714245,,1682714253,1.000.000,2023-04-28 20:37:25,2023-04-28 20:37:33,10.0,5,86,Questão 8,False,True,Aluno 02
36,95,12055,1682714302,,1682714306,10.000.000,2023-04-28 20:38:22,2023-04-28 20:38:26,10.0,3,95,Questão 17,False,True,Aluno 12
48,90,12076,1682714426,,1682714441,1.000.000,2023-04-28 20:40:26,2023-04-28 20:40:41,10.0,3,90,Questão 11,False,True,Aluno 14
54,86,12078,1682714428,,1682714549,1.000.000,2023-04-28 20:40:28,2023-04-28 20:42:29,10.0,6,86,Questão 8,False,True,Aluno 19
41,75,12089,1682714469,,1682714473,10.000.000,2023-04-28 20:41:09,2023-04-28 20:41:13,10.0,2,75,Questão 15,False,True,Aluno 03
18,90,12106,1682714518,,1682714522,1.000.000,2023-04-28 20:41:58,2023-04-28 20:42:02,10.0,4,90,Questão 11,False,True,Aluno 31
37,85,12107,1682714520,,1682714562,1.000.000,2023-04-28 20:42:00,2023-04-28 20:42:42,10.0,76,85,Questão 7,False,True,Aluno 35
60,86,12114,1682714539,,1682714545,1.000.000,2023-04-28 20:42:19,2023-04-28 20:42:25,10.0,19,86,Questão 8,False,True,Aluno 29
45,83,12126,1682714571,,1682714582,1.000.000,2023-04-28 20:42:51,2023-04-28 20:43:02,10.0,9,83,Questão 5,False,True,Aluno 16
21,88,12162,1682714725,,1682714769,1.000.000,2023-04-28 20:45:25,2023-04-28 20:46:09,10.0,4,88,Questão 10,False,True,Aluno 30
23,76,12173,1682714772,,1682714786,1.000.000,2023-04-28 20:46:12,2023-04-28 20:46:26,10.0,12,76,Questão 14,False,True,Aluno 32
44,76,12205,1682714903,,1682714926,1.000.000,2023-04-28 20:48:23,2023-04-28 20:48:46,10.0,11,76,Questão 14,False,True,Aluno 24
22,87,12219,1682714955,,1682714959,1.000.000,2023-04-28 20:49:15,2023-04-28 20:49:19,10.0,7,87,Questão 9,False,True,Aluno 21
26,77,12235,1682715029,,1682715033,1.000.000,2023-04-28 20:50:29,2023-04-28 20:50:33,10.0,4,77,Questão 16,False,True,Aluno 05
20,84,12242,1682715064,,1682715068,1.000.000,2023-04-28 20:51:04,2023-04-28 20:51:08,10.0,11,84,Questão 6,False,True,Aluno 06
47,80,12275,1682715197,,1682715235,1.000.000,2023-04-28 20:53:17,2023-04-28 20:53:55,10.0,5,80,Questão 2,False,True,Aluno 36
45,84,12280,1682715215,,1682715218,1.000.000,2023-04-28 20:53:35,2023-04-28 20:53:38,10.0,7,84,Questão 6,False,True,Aluno 16
37,86,12282,1682715229,,1682715232,1.000.000,2023-04-28 20:53:49,2023-04-28 20:53:52,10.0,35,86,Questão 8,False,True,Aluno 35
39,94,12308,1682715383,,1682715396,10.000.000,2023-04-28 20:56:23,2023-04-28 20:56:36,10.0,11,94,Questão 18,False,True,Aluno 17
40,79,12338,1682715482,,1682715496,1.000.000,2023-04-28 20:58:02,2023-04-28 20:58:16,10.0,14,79,Questão 1,False,True,Aluno 09
26,95,12348,1682715503,,1682715506,10.000.000,2023-04-28 20:58:23,2023-04-28 20:58:26,10.0,2,95,Questão 17,False,True,Aluno 05
49,87,12351,1682715512,,1682715516,1.000.000,2023-04-28 20:58:32,2023-04-28 20:58:36,10.0,12,87,Questão 9,False,True,Aluno 22
38,86,12353,1682715516,,1682715524,1.000.000,2023-04-28 20:58:36,2023-04-28 20:58:44,10.0,9,86,Questão 8,False,True,Aluno 18
54,87,12363,1682715568,,1682715643,1.000.000,2023-04-28 20:59:28,2023-04-28 21:00:43,10.0,2,87,Questão 9,False,True,Aluno 19
34,90,12378,1682715651,,1682715656,1.000.000,2023-04-28 21:00:51,2023-04-28 21:00:56,10.0,22,90,Questão 11,False,True,Aluno 13
63,86,12380,1682715658,,1682715661,1.000.000,2023-04-28 21:00:58,2023-04-28 21:01:01,10.0,22,86,Questão 8,False,True,Aluno 01
47,81,12436,1682715888,,1682715914,1.000.000,2023-04-28 21:04:48,2023-04-28 21:05:14,10.0,2,81,Questão 3,False,True,Aluno 36
41,77,12451,1682715968,,1682715972,1.000.000,2023-04-28 21:06:08,2023-04-28 21:06:12,10.0,10,77,Questão 16,False,True,Aluno 03
42,86,12457,1682715982,,1682716023,1.000.000,2023-04-28 21:06:22,2023-04-28 21:07:03,10.0,12,86,Questão 8,False,True,Aluno 37
65,84,12480,1682716163,,1682716184,667.000,2023-04-28 21:09:23,2023-04-28 21:09:44,6.67,22,84,Questão 6,False,True,Aluno 08
45,85,12497,1682716264,,1682716275,1.000.000,2023-04-28 21:11:04,2023-04-28 21:11:15,10.0,17,85,Questão 7,False,True,Aluno 16
48,91,12502,1682716283,,1682716287,1.000.000,2023-04-28 21:11:23,2023-04-28 21:11:27,10.0,12,91,Questão 12,False,True,Aluno 14
34,91,12525,1682716398,,1682716404,1.000.000,2023-04-28 21:13:18,2023-04-28 21:13:24,10.0,31,91,Questão 12,False,True,Aluno 13
21,90,12533,1682716436,,1682716440,1.000.000,2023-04-28 21:13:56,2023-04-28 21:14:00,10.0,16,90,Questão 11,False,True,Aluno 30
57,85,12538,1682716462,,1682716487,1.000.000,2023-04-28 21:14:22,2023-04-28 21:14:47,10.0,17,85,Questão 7,False,True,Aluno 27
52,85,12570,1682716605,,1682716610,1.000.000,2023-04-28 21:16:45,2023-04-28 21:16:50,10.0,11,85,Questão 7,False,True,Aluno 38
23,77,12588,1682716688,,1682716774,1.000.000,2023-04-28 21:18:08,2023-04-28 21:19:34,10.0,12,77,Questão 16,False,True,Aluno 32
63,87,12594,1682716718,,1682716722,1.000.000,2023-04-28 21:18:38,2023-04-28 21:18:42,10.0,8,87,Questão 9,False,True,Aluno 01
27,77,12596,1682716771,,1682716774,1.000.000,2023-04-28 21:19:31,2023-04-28 21:19:34,10.0,12,77,Questão 16,False,True,Aluno 28
47,82,12602,1682716819,,1682716831,1.000.000,2023-04-28 21:20:19,2023-04-28 21:20:31,10.0,5,82,Questão 4,False,True,Aluno 36
46,87,12604,1682716848,,1682716853,1.000.000,2023-04-28 21:20:48,2023-04-28 21:20:53,10.0,16,87,Questão 9,False,True,Aluno 25
34,76,12612,1682722685,,1682722689,1.000.000,2023-04-28 22:58:05,2023-04-28 22:58:09,10.0,4,76,Questão 14,False,True,Aluno 13
63,88,12619,1682724074,,1682724127,1.000.000,2023-04-28 23:21:14,2023-04-28 23:22:07,10.0,5,88,Questão 10,False,True,Aluno 01
34,75,12634,1682725154,,1682725163,10.000.000,2023-04-28 23:39:14,2023-04-28 23:39:23,10.0,9,75,Questão 15,False,True,Aluno 13
41,95,12638,1682726248,,1682726252,10.000.000,2023-04-28 23:57:28,2023-04-28 23:57:32,10.0,4,95,Questão 17,False,True,Aluno 03
30,76,12642,1682726906,,1682726910,1.000.000,2023-04-29 00:08:26,2023-04-29 00:08:30,10.0,4,76,Questão 14,False,True,Aluno 20
34,77,12692,1682729493,,1682729497,1.000.000,2023-04-29 00:51:33,2023-04-29 00:51:37,10.0,17,77,Questão 16,False,True,Aluno 13
34,95,12718,1682730502,,1682730528,10.000.000,2023-04-29 01:08:22,2023-04-29 01:08:48,10.0,1,95,Questão 17,False,True,Aluno 13
23,95,12743,1682732310,,1682732314,10.000.000,2023-04-29 01:38:30,2023-04-29 01:38:34,10.0,5,95,Questão 17,False,True,Aluno 32
48,76,12745,1682732610,,1682732615,1.000.000,2023-04-29 01:43:30,2023-04-29 01:43:35,10.0,11,76,Questão 14,False,True,Aluno 14
48,75,12755,1682733149,,1682733155,10.000.000,2023-04-29 01:52:29,2023-04-29 01:52:35,10.0,4,75,Questão 15,False,True,Aluno 14
48,77,12797,1682734694,,1682734707,1.000.000,2023-04-29 02:18:14,2023-04-29 02:18:27,10.0,7,77,Questão 16,False,True,Aluno 14
23,94,12803,1682734993,,1682735040,10.000.000,2023-04-29 02:23:13,2023-04-29 02:24:00,10.0,10,94,Questão 18,False,True,Aluno 32
48,95,12819,1682735756,,1682735781,10.000.000,2023-04-29 02:35:56,2023-04-29 02:36:21,10.0,2,95,Questão 17,False,True,Aluno 14
28,91,12823,1682735815,,1682735834,250.000,2023-04-29 02:36:55,2023-04-29 02:37:14,2.5,13,91,Questão 12,False,True,Aluno 39
60,87,12860,1682774065,,1682774105,667.000,2023-04-29 13:14:25,2023-04-29 13:15:05,6.67,12,87,Questão 9,False,True,Aluno 29
34,87,12875,1682776286,,1682776332,1.000.000,2023-04-29 13:51:26,2023-04-29 13:52:12,10.0,31,87,Questão 9,False,True,Aluno 13
35,76,12883,1682779180,,1682779184,1.000.000,2023-04-29 14:39:40,2023-04-29 14:39:44,10.0,6,76,Questão 14,False,True,Aluno 11
35,75,12886,1682779495,,1682779499,10.000.000,2023-04-29 14:44:55,2023-04-29 14:44:59,10.0,2,75,Questão 15,False,True,Aluno 11
35,77,12894,1682780493,,1682780497,1.000.000,2023-04-29 15:01:33,2023-04-29 15:01:37,10.0,7,77,Questão 16,False,True,Aluno 11
35,95,12898,1682780988,,1682780991,10.000.000,2023-04-29 15:09:48,2023-04-29 15:09:51,10.0,3,95,Questão 17,False,True,Aluno 11
35,94,12911,1682782462,,1682782475,10.000.000,2023-04-29 15:34:22,2023-04-29 15:34:35,10.0,8,94,Questão 18,False,True,Aluno 11
46,88,12953,1682784682,,1682784687,1.000.000,2023-04-29 16:11:22,2023-04-29 16:11:27,10.0,5,88,Questão 10,False,True,Aluno 25
41,94,12971,1682786537,,1682786544,10.000.000,2023-04-29 16:42:17,2023-04-29 16:42:24,10.0,16,94,Questão 18,False,True,Aluno 03
46,90,12982,1682787164,,1682787207,1.000.000,2023-04-29 16:52:44,2023-04-29 16:53:27,10.0,6,90,Questão 11,False,True,Aluno 25
34,94,12985,1682787306,,1682787328,10.000.000,2023-04-29 16:55:06,2023-04-29 16:55:28,10.0,54,94,Questão 18,False,True,Aluno 13
49,88,13013,1682790101,,1682790105,1.000.000,2023-04-29 17:41:41,2023-04-29 17:41:45,10.0,21,88,Questão 10,False,True,Aluno 22
43,76,13020,1682790405,,1682790424,1.000.000,2023-04-29 17:46:45,2023-04-29 17:47:04,10.0,11,76,Questão 14,False,True,Aluno 07
46,91,13024,1682790724,,1682790728,1.000.000,2023-04-29 17:52:04,2023-04-29 17:52:08,10.0,7,91,Questão 12,False,True,Aluno 25
43,75,13026,1682790850,,1682790854,10.000.000,2023-04-29 17:54:10,2023-04-29 17:54:14,10.0,2,75,Questão 15,False,True,Aluno 07
63,90,13034,1682791286,,1682791289,1.000.000,2023-04-29 18:01:26,2023-04-29 18:01:29,10.0,5,90,Questão 11,False,True,Aluno 01
50,77,13055,1682792908,,1682792913,1.000.000,2023-04-29 18:28:28,2023-04-29 18:28:33,10.0,11,77,Questão 16,False,True,Aluno 10
43,77,13058,1682793018,,1682793033,1.000.000,2023-04-29 18:30:18,2023-04-29 18:30:33,10.0,9,77,Questão 16,False,True,Aluno 07
38,88,13062,1682793181,,1682793201,1.000.000,2023-04-29 18:33:01,2023-04-29 18:33:21,10.0,12,88,Questão 10,False,True,Aluno 18
50,95,13069,1682793433,,1682793437,10.000.000,2023-04-29 18:37:13,2023-04-29 18:37:17,10.0,2,95,Questão 17,False,True,Aluno 10
43,95,13084,1682794021,,1682794034,10.000.000,2023-04-29 18:47:01,2023-04-29 18:47:14,10.0,6,95,Questão 17,False,True,Aluno 07
43,91,13109,1682795389,,1682795394,1.000.000,2023-04-29 19:09:49,2023-04-29 19:09:54,10.0,42,91,Questão 12,False,True,Aluno 07
60,88,13131,1682796573,,1682796618,1.000.000,2023-04-29 19:29:33,2023-04-29 19:30:18,10.0,8,88,Questão 10,False,True,Aluno 29
63,91,13188,1682800791,,1682800807,1.000.000,2023-04-29 20:39:51,2023-04-29 20:40:07,10.0,30,91,Questão 12,False,True,Aluno 01
43,94,13216,1682801863,,1682801873,7.500.000,2023-04-29 20:57:43,2023-04-29 20:57:53,7.5,23,94,Questão 18,False,True,Aluno 07
52,86,13251,1682804240,,1682804243,1.000.000,2023-04-29 21:37:20,2023-04-29 21:37:23,10.0,11,86,Questão 8,False,True,Aluno 38
37,88,13256,1682804518,,1682804522,1.000.000,2023-04-29 21:41:58,2023-04-29 21:42:02,10.0,8,88,Questão 10,False,True,Aluno 35
52,87,13272,1682805411,,1682805421,1.000.000,2023-04-29 21:56:51,2023-04-29 21:57:01,10.0,8,87,Questão 9,False,True,Aluno 38
52,88,13281,1682805898,,1682805902,1.000.000,2023-04-29 22:04:58,2023-04-29 22:05:02,10.0,2,88,Questão 10,False,True,Aluno 38
37,90,13286,1682806249,,1682806295,1.000.000,2023-04-29 22:10:49,2023-04-29 22:11:35,10.0,15,90,Questão 11,False,True,Aluno 35
52,90,13304,1682807129,,1682807133,1.000.000,2023-04-29 22:25:29,2023-04-29 22:25:33,10.0,7,90,Questão 11,False,True,Aluno 38
52,91,13343,1682809039,,1682809043,1.000.000,2023-04-29 22:57:19,2023-04-29 22:57:23,10.0,10,91,Questão 12,False,True,Aluno 38
38,90,13376,1682812255,,1682812296,1.000.000,2023-04-29 23:50:55,2023-04-29 23:51:36,10.0,29,90,Questão 11,False,True,Aluno 18
52,76,13398,1682813531,,1682813535,1.000.000,2023-04-30 00:12:11,2023-04-30 00:12:15,10.0,10,76,Questão 14,False,True,Aluno 38
38,91,13401,1682813582,,1682813602,750.000,2023-04-30 00:13:02,2023-04-30 00:13:22,7.5,6,91,Questão 12,False,True,Aluno 18
63,76,13434,1682817982,,1682817987,1.000.000,2023-04-30 01:26:22,2023-04-30 01:26:27,10.0,10,76,Questão 14,False,True,Aluno 01
52,75,13450,1682819686,,1682819690,10.000.000,2023-04-30 01:54:46,2023-04-30 01:54:50,10.0,5,75,Questão 15,False,True,Aluno 38
52,77,13479,1682821176,,1682821180,1.000.000,2023-04-30 02:19:36,2023-04-30 02:19:40,10.0,7,77,Questão 16,False,True,Aluno 38
52,95,13509,1682822602,,1682822606,10.000.000,2023-04-30 02:43:22,2023-04-30 02:43:26,10.0,7,95,Questão 17,False,True,Aluno 38
28,76,13545,1682826256,,1682826292,0,2023-04-30 03:44:16,2023-04-30 03:44:52,0.0,15,76,Questão 14,False,True,Aluno 39
18,76,13571,1682860927,,1682860931,1.000.000,2023-04-30 13:22:07,2023-04-30 13:22:11,10.0,3,76,Questão 14,False,True,Aluno 31
18,75,13578,1682861234,,1682861238,10.000.000,2023-04-30 13:27:14,2023-04-30 13:27:18,10.0,3,75,Questão 15,False,True,Aluno 31
63,75,13580,1682861371,,1682861397,10.000.000,2023-04-30 13:29:31,2023-04-30 13:29:57,10.0,5,75,Questão 15,False,True,Aluno 01
18,77,13598,1682863080,,1682863084,1.000.000,2023-04-30 13:58:00,2023-04-30 13:58:04,10.0,8,77,Questão 16,False,True,Aluno 31
63,77,13602,1682863389,,1682863392,1.000.000,2023-04-30 14:03:09,2023-04-30 14:03:12,10.0,12,77,Questão 16,False,True,Aluno 01
63,95,13631,1682866243,,1682866246,10.000.000,2023-04-30 14:50:43,2023-04-30 14:50:46,10.0,5,95,Questão 17,False,True,Aluno 01
27,95,13753,1682877982,,1682877988,10.000.000,2023-04-30 18:06:22,2023-04-30 18:06:28,10.0,4,95,Questão 17,False,True,Aluno 28
28,75,13769,1682880085,,1682880089,0,2023-04-30 18:41:25,2023-04-30 18:41:29,0.0,5,75,Questão 15,False,True,Aluno 39
28,77,13798,1682881765,,1682881815,0,2023-04-30 19:09:25,2023-04-30 19:10:15,0.0,9,77,Questão 16,False,True,Aluno 39
28,95,13820,1682883337,,1682883370,8.000.000,2023-04-30 19:35:37,2023-04-30 19:36:10,8.0,5,95,Questão 17,False,True,Aluno 39
18,95,13841,1682884928,,1682884952,10.000.000,2023-04-30 20:02:08,2023-04-30 20:02:32,10.0,1,95,Questão 17,False,True,Aluno 31
28,94,13863,1682886655,,1682886690,5.000.000,2023-04-30 20:30:55,2023-04-30 20:31:30,5.0,6,94,Questão 18,False,True,Aluno 39
25,85,13879,1682887489,,1682888029,1.000.000,2023-04-30 20:44:49,2023-04-30 20:53:49,10.0,22,85,Questão 7,False,True,Aluno 04
38,76,13887,1682887993,,1682888056,0,2023-04-30 20:53:13,2023-04-30 20:54:16,0.0,12,76,Questão 14,False,True,Aluno 18
38,75,13894,1682888899,,1682888915,10.000.000,2023-04-30 21:08:19,2023-04-30 21:08:35,10.0,4,75,Questão 15,False,True,Aluno 18
25,75,13905,1682894583,,1682894598,10.000.000,2023-04-30 22:43:03,2023-04-30 22:43:18,10.0,3,75,Questão 15,False,True,Aluno 04
37,91,13951,1682898537,,1682898541,750.000,2023-04-30 23:48:57,2023-04-30 23:49:01,7.5,8,91,Questão 12,False,True,Aluno 35
30,75,13967,1682899318,,1682899326,10.000.000,2023-05-01 00:01:58,2023-05-01 00:02:06,10.0,10,75,Questão 15,False,True,Aluno 20
38,95,13982,1682899826,,1682899830,10.000.000,2023-05-01 00:10:26,2023-05-01 00:10:30,10.0,6,95,Questão 17,False,True,Aluno 18
30,91,13994,1682900032,,1682900037,1.000.000,2023-05-01 00:13:52,2023-05-01 00:13:57,10.0,6,91,Questão 12,False,True,Aluno 20
25,77,13995,1682900078,,1682900110,714.000,2023-05-01 00:14:38,2023-05-01 00:15:10,7.14,8,77,Questão 16,False,True,Aluno 04
40,86,14066,1682902079,,1682902132,1.000.000,2023-05-01 00:47:59,2023-05-01 00:48:52,10.0,9,86,Questão 8,False,True,Aluno 09
25,95,14079,1682902314,,1682902376,10.000.000,2023-05-01 00:51:54,2023-05-01 00:52:56,10.0,2,95,Questão 17,False,True,Aluno 04
30,95,14081,1682902378,,1682902383,10.000.000,2023-05-01 00:52:58,2023-05-01 00:53:03,10.0,3,95,Questão 17,False,True,Aluno 20
57,86,14094,1682902764,,1682902800,1.000.000,2023-05-01 00:59:24,2023-05-01 01:00:00,10.0,8,86,Questão 8,False,True,Aluno 27
25,94,14116,1682904444,,1682904536,10.000.000,2023-05-01 01:27:24,2023-05-01 01:28:56,10.0,4,94,Questão 18,False,True,Aluno 04
40,87,14119,1682904628,,1682904730,667.000,2023-05-01 01:30:28,2023-05-01 01:32:10,6.67,52,87,Questão 9,False,True,Aluno 09
30,94,14151,1682941026,,1682962165,5.000.000,2023-05-01 11:37:06,2023-05-01 17:29:25,5.0,5,94,Questão 18,False,True,Aluno 20
65,85,14170,1682952244,,1682952268,667.000,2023-05-01 14:44:04,2023-05-01 14:44:28,6.67,119,85,Questão 7,False,True,Aluno 08
42,87,14218,1682958486,,1682958491,1.000.000,2023-05-01 16:28:06,2023-05-01 16:28:11,10.0,19,87,Questão 9,False,True,Aluno 37
51,76,14251,1682961304,,1682961308,1.000.000,2023-05-01 17:15:04,2023-05-01 17:15:08,10.0,14,76,Questão 14,False,True,Aluno 26
42,88,14263,1682962410,,1682962415,1.000.000,2023-05-01 17:33:30,2023-05-01 17:33:35,10.0,7,88,Questão 10,False,True,Aluno 37
37,76,14301,1682965693,,1682965746,1.000.000,2023-05-01 18:28:13,2023-05-01 18:29:06,10.0,18,76,Questão 14,False,True,Aluno 35
37,75,14310,1682967496,,1682967501,8.750.000,2023-05-01 18:58:16,2023-05-01 18:58:21,8.75,9,75,Questão 15,False,True,Aluno 35
40,84,14341,1682970152,,1682970163,1.000.000,2023-05-01 19:42:32,2023-05-01 19:42:43,10.0,65,84,Questão 6,False,True,Aluno 09
37,77,14350,1682970512,,1682970551,714.000,2023-05-01 19:48:32,2023-05-01 19:49:11,7.14,29,77,Questão 16,False,True,Aluno 35
37,95,14358,1682971370,,1682971400,8.000.000,2023-05-01 20:02:50,2023-05-01 20:03:20,8.0,5,95,Questão 17,False,True,Aluno 35
40,85,14402,1682974112,,1682974144,1.000.000,2023-05-01 20:48:32,2023-05-01 20:49:04,10.0,39,85,Questão 7,False,True,Aluno 09
65,86,14408,1682974339,,1682974370,1.000.000,2023-05-01 20:52:19,2023-05-01 20:52:50,10.0,19,86,Questão 8,False,True,Aluno 08
50,94,14428,1682976105,,1682976109,10.000.000,2023-05-01 21:21:45,2023-05-01 21:21:49,10.0,26,94,Questão 18,False,True,Aluno 10
44,77,14478,1682979694,,1682979762,1.000.000,2023-05-01 22:21:34,2023-05-01 22:22:42,10.0,14,77,Questão 16,False,True,Aluno 24
44,95,14486,1682980511,,1682980515,10.000.000,2023-05-01 22:35:11,2023-05-01 22:35:15,10.0,3,95,Questão 17,False,True,Aluno 24
65,87,14516,1682984124,,1682984228,667.000,2023-05-01 23:35:24,2023-05-01 23:37:08,6.67,46,87,Questão 9,False,True,Aluno 08
48,94,14648,1682995276,,1682995291,10.000.000,2023-05-02 02:41:16,2023-05-02 02:41:31,10.0,28,94,Questão 18,False,True,Aluno 14
18,94,14657,1682996792,,1682996849,10.000.000,2023-05-02 03:06:32,2023-05-02 03:07:29,10.0,5,94,Questão 18,False,True,Aluno 31
65,88,14670,1683037938,,1683037986,500.000,2023-05-02 14:32:18,2023-05-02 14:33:06,5.0,10,88,Questão 10,False,True,Aluno 08
52,94,14759,1683116628,,1683116632,10.000.000,2023-05-03 12:23:48,2023-05-03 12:23:52,10.0,4,94,Questão 18,False,True,Aluno 38
49,76,14784,1683120871,,1683120876,1.000.000,2023-05-03 13:34:31,2023-05-03 13:34:36,10.0,9,76,Questão 14,False,True,Aluno 22
26,94,14790,1683121334,,1683121339,10.000.000,2023-05-03 13:42:14,2023-05-03 13:42:19,10.0,9,94,Questão 18,False,True,Aluno 05
46,76,14807,1683122850,,1683122866,1.000.000,2023-05-03 14:07:30,2023-05-03 14:07:46,10.0,13,76,Questão 14,False,True,Aluno 25
49,75,14809,1683122937,,1683141105,10.000.000,2023-05-03 14:08:57,2023-05-03 19:11:45,10.0,8,75,Questão 15,False,True,Aluno 22
46,95,14841,1683131393,,1683131400,10.000.000,2023-05-03 16:29:53,2023-05-03 16:30:00,10.0,5,95,Questão 17,False,True,Aluno 25
46,75,14842,1683131769,,1683131794,10.000.000,2023-05-03 16:36:09,2023-05-03 16:36:34,10.0,7,75,Questão 15,False,True,Aluno 25
56,87,14853,1683135323,,1683135333,667.000,2023-05-03 17:35:23,2023-05-03 17:35:33,6.67,17,87,Questão 9,False,True,Aluno 02
30,87,14915,1683140715,,1683140760,1.000.000,2023-05-03 19:05:15,2023-05-03 19:06:00,10.0,13,87,Questão 9,False,True,Aluno 20
30,88,14924,1683140949,,1683140976,1.000.000,2023-05-03 19:09:09,2023-05-03 19:09:36,10.0,8,88,Questão 10,False,True,Aluno 20
49,77,14927,1683140980,,1683140999,1.000.000,2023-05-03 19:09:40,2023-05-03 19:09:59,10.0,21,77,Questão 16,False,True,Aluno 22
29,79,14928,1683140991,,1683141035,667.000,2023-05-03 19:09:51,2023-05-03 19:10:35,6.67,26,79,Questão 1,False,True,Aluno 33
49,91,14935,1683141202,,1683141207,1.000.000,2023-05-03 19:13:22,2023-05-03 19:13:27,10.0,50,91,Questão 12,False,True,Aluno 22
49,90,14936,1683141267,,1683141281,1.000.000,2023-05-03 19:14:27,2023-05-03 19:14:41,10.0,32,90,Questão 11,False,True,Aluno 22
29,80,14944,1683141604,,1683141623,1.000.000,2023-05-03 19:20:04,2023-05-03 19:20:23,10.0,2,80,Questão 2,False,True,Aluno 33
30,77,14959,1683142095,,1683142130,1.000.000,2023-05-03 19:28:15,2023-05-03 19:28:50,10.0,22,77,Questão 16,False,True,Aluno 20
29,81,14961,1683142138,,1683142149,1.000.000,2023-05-03 19:28:58,2023-05-03 19:29:09,10.0,3,81,Questão 3,False,True,Aluno 33
46,77,14963,1683142212,,1683142217,1.000.000,2023-05-03 19:30:12,2023-05-03 19:30:17,10.0,12,77,Questão 16,False,True,Aluno 25
21,91,14966,1683142288,,1683142351,1.000.000,2023-05-03 19:31:28,2023-05-03 19:32:31,10.0,100,91,Questão 12,False,True,Aluno 30
29,82,14972,1683142522,,1683142539,1.000.000,2023-05-03 19:35:22,2023-05-03 19:35:39,10.0,3,82,Questão 4,False,True,Aluno 33
29,83,14981,1683143128,,1683143157,1.000.000,2023-05-03 19:45:28,2023-05-03 19:45:57,10.0,5,83,Questão 5,False,True,Aluno 33
38,77,14992,1683143632,,1683143659,0,2023-05-03 19:53:52,2023-05-03 19:54:19,0.0,28,77,Questão 16,False,True,Aluno 18
42,90,14996,1683143803,,1683143812,1.000.000,2023-05-03 19:56:43,2023-05-03 19:56:52,10.0,15,90,Questão 11,False,True,Aluno 37
42,91,15029,1683158081,,1683158092,1.000.000,2023-05-03 23:54:41,2023-05-03 23:54:52,10.0,10,91,Questão 12,False,True,Aluno 37
42,76,15087,1683164012,,1683164016,1.000.000,2023-05-04 01:33:32,2023-05-04 01:33:36,10.0,18,76,Questão 14,False,True,Aluno 37
42,75,15093,1683165124,,1683165128,10.000.000,2023-05-04 01:52:04,2023-05-04 01:52:08,10.0,6,75,Questão 15,False,True,Aluno 37
54,88,15122,1683175317,,1683175333,1.000.000,2023-05-04 04:41:57,2023-05-04 04:42:13,10.0,10,88,Questão 10,False,True,Aluno 19
54,90,15139,1683177850,,1683177857,1.000.000,2023-05-04 05:24:10,2023-05-04 05:24:17,10.0,17,90,Questão 11,False,True,Aluno 19
49,95,15163,1683200694,,1683200720,10.000.000,2023-05-04 11:44:54,2023-05-04 11:45:20,10.0,1,95,Questão 17,False,True,Aluno 22
20,85,15171,1683201847,,1683201851,1.000.000,2023-05-04 12:04:07,2023-05-04 12:04:11,10.0,19,85,Questão 7,False,True,Aluno 06
20,86,15191,1683203595,,1683203599,1.000.000,2023-05-04 12:33:15,2023-05-04 12:33:19,10.0,6,86,Questão 8,False,True,Aluno 06
20,87,15218,1683204824,,1683204827,1.000.000,2023-05-04 12:53:44,2023-05-04 12:53:47,10.0,8,87,Questão 9,False,True,Aluno 06
57,87,15238,1683207065,,1683207070,1.000.000,2023-05-04 13:31:05,2023-05-04 13:31:10,10.0,21,87,Questão 9,False,True,Aluno 27
38,87,15241,1683207489,,1683207494,1.000.000,2023-05-04 13:38:09,2023-05-04 13:38:14,10.0,23,87,Questão 9,False,True,Aluno 18
20,88,15259,1683210611,,1683210617,1.000.000,2023-05-04 14:30:11,2023-05-04 14:30:17,10.0,3,88,Questão 10,False,True,Aluno 06
42,77,15287,1683228428,,1683228432,1.000.000,2023-05-04 19:27:08,2023-05-04 19:27:12,10.0,11,77,Questão 16,False,True,Aluno 37
42,95,15292,1683229836,,1683229856,10.000.000,2023-05-04 19:50:36,2023-05-04 19:50:56,10.0,5,95,Questão 17,False,True,Aluno 37
46,94,15406,1683248770,,1683248776,7.500.000,2023-05-05 01:06:10,2023-05-05 01:06:16,7.5,7,94,Questão 18,False,True,Aluno 25
21,76,15475,1683252259,,1683252268,1.000.000,2023-05-05 02:04:19,2023-05-05 02:04:28,10.0,18,76,Questão 14,False,True,Aluno 30
21,75,15493,1683252704,,1683252708,10.000.000,2023-05-05 02:11:44,2023-05-05 02:11:48,10.0,5,75,Questão 15,False,True,Aluno 30
60,90,15517,1683253492,,1683253497,800.000,2023-05-05 02:24:52,2023-05-05 02:24:57,8.0,15,90,Questão 11,False,True,Aluno 29
47,83,15584,1683283905,,1683283935,0,2023-05-05 10:51:45,2023-05-05 10:52:15,0.0,2,83,Questão 5,False,True,Aluno 36
37,87,15604,1683285938,,1683285942,667.000,2023-05-05 11:25:38,2023-05-05 11:25:42,6.67,38,87,Questão 9,False,True,Aluno 35
22,88,15610,1683286490,,1683286507,1.000.000,2023-05-05 11:34:50,2023-05-05 11:35:07,10.0,1,88,Questão 10,False,True,Aluno 21
37,94,15625,1683287029,,1683287033,7.500.000,2023-05-05 11:43:49,2023-05-05 11:43:53,7.5,37,94,Questão 18,False,True,Aluno 35
22,90,15633,1683287406,,1683287409,1.000.000,2023-05-05 11:50:06,2023-05-05 11:50:09,10.0,5,90,Questão 11,False,True,Aluno 21
20,90,15669,1683288352,,1683288356,1.000.000,2023-05-05 12:05:52,2023-05-05 12:05:56,10.0,8,90,Questão 11,False,True,Aluno 06
22,91,15699,1683289391,,1683289395,1.000.000,2023-05-05 12:23:11,2023-05-05 12:23:15,10.0,5,91,Questão 12,False,True,Aluno 21
26,90,15713,1683289782,,1683289786,1.000.000,2023-05-05 12:29:42,2023-05-05 12:29:46,10.0,30,90,Questão 11,False,True,Aluno 05
40,90,15758,1683291154,,1683291159,1.000.000,2023-05-05 12:52:34,2023-05-05 12:52:39,10.0,15,90,Questão 11,False,True,Aluno 09
60,91,15761,1683291288,,1683291338,750.000,2023-05-05 12:54:48,2023-05-05 12:55:38,7.5,11,91,Questão 12,False,True,Aluno 29
56,88,15781,1683292239,,1683292261,1.000.000,2023-05-05 13:10:39,2023-05-05 13:11:01,10.0,1,88,Questão 10,False,True,Aluno 02
57,88,15792,1683293245,,1683293271,1.000.000,2023-05-05 13:27:25,2023-05-05 13:27:51,10.0,10,88,Questão 10,False,True,Aluno 27
40,75,15796,1683293458,,1683293496,8.750.000,2023-05-05 13:30:58,2023-05-05 13:31:36,8.75,7,75,Questão 15,False,True,Aluno 09
22,76,15803,1683293676,,1683293680,1.000.000,2023-05-05 13:34:36,2023-05-05 13:34:40,10.0,9,76,Questão 14,False,True,Aluno 21
56,90,15806,1683293736,,1683293739,1.000.000,2023-05-05 13:35:36,2023-05-05 13:35:39,10.0,7,90,Questão 11,False,True,Aluno 02
20,91,15812,1683294076,,1683294113,1.000.000,2023-05-05 13:41:16,2023-05-05 13:41:53,10.0,20,91,Questão 12,False,True,Aluno 06
22,75,15815,1683294129,,1683294133,10.000.000,2023-05-05 13:42:09,2023-05-05 13:42:13,10.0,2,75,Questão 15,False,True,Aluno 21
57,90,15821,1683295305,,1683295310,1.000.000,2023-05-05 14:01:45,2023-05-05 14:01:50,10.0,3,90,Questão 11,False,True,Aluno 27
56,91,15823,1683295639,,1683295642,0,2023-05-05 14:07:19,2023-05-05 14:07:22,0.0,3,91,Questão 12,False,True,Aluno 02
56,76,15873,1683297985,,1683297989,800.000,2023-05-05 14:46:25,2023-05-05 14:46:29,8.0,2,76,Questão 14,False,True,Aluno 02
56,75,15877,1683298325,,1683298328,10.000.000,2023-05-05 14:52:05,2023-05-05 14:52:08,10.0,1,75,Questão 15,False,True,Aluno 02
56,77,15878,1683298657,,1683299937,0,2023-05-05 14:57:37,2023-05-05 15:18:57,0.0,3,77,Questão 16,False,True,Aluno 02
40,95,15908,1683303840,,1683303845,8.000.000,2023-05-05 16:24:00,2023-05-05 16:24:05,8.0,22,95,Questão 17,False,True,Aluno 09
56,95,15914,1683311468,,1683311482,8.000.000,2023-05-05 18:31:08,2023-05-05 18:31:22,8.0,1,95,Questão 17,False,True,Aluno 02
56,94,15920,1683312159,,1683312163,10.000.000,2023-05-05 18:42:39,2023-05-05 18:42:43,10.0,6,94,Questão 18,False,True,Aluno 02
20,76,15939,1683318327,,1683318331,1.000.000,2023-05-05 20:25:27,2023-05-05 20:25:31,10.0,6,76,Questão 14,False,True,Aluno 06
40,88,15940,1683318517,,1683318627,1.000.000,2023-05-05 20:28:37,2023-05-05 20:30:27,10.0,44,88,Questão 10,False,True,Aluno 09
20,75,15951,1683318798,,1683318810,10.000.000,2023-05-05 20:33:18,2023-05-05 20:33:30,10.0,3,75,Questão 15,False,True,Aluno 06
25,76,15956,1683319017,,1683319021,1.000.000,2023-05-05 20:36:57,2023-05-05 20:37:01,10.0,10,76,Questão 14,False,True,Aluno 04
40,91,15973,1683319586,,1683319590,1.000.000,2023-05-05 20:46:26,2023-05-05 20:46:30,10.0,57,91,Questão 12,False,True,Aluno 09
65,90,15990,1683320222,,1683320227,1.000.000,2023-05-05 20:57:02,2023-05-05 20:57:07,10.0,34,90,Questão 11,False,True,Aluno 08
31,79,16016,1683321024,,1683321067,667.000,2023-05-05 21:10:24,2023-05-05 21:11:07,6.67,11,79,Questão 1,False,True,Aluno 34
41,90,16017,1683321059,,1683321062,1.000.000,2023-05-05 21:10:59,2023-05-05 21:11:02,10.0,18,90,Questão 11,False,True,Aluno 03
65,91,16032,1683321555,,1683321559,1.000.000,2023-05-05 21:19:15,2023-05-05 21:19:19,10.0,139,91,Questão 12,False,True,Aluno 08
20,77,16036,1683321634,,1683321638,1.000.000,2023-05-05 21:20:34,2023-05-05 21:20:38,10.0,19,77,Questão 16,False,True,Aluno 06
20,95,16037,1683326165,,1683326183,10.000.000,2023-05-05 22:36:05,2023-05-05 22:36:23,10.0,1,95,Questão 17,False,True,Aluno 06
22,77,16058,1683375750,,1683375757,1.000.000,2023-05-06 12:22:30,2023-05-06 12:22:37,10.0,7,77,Questão 16,False,True,Aluno 21
22,95,16060,1683377183,,1683377187,10.000.000,2023-05-06 12:46:23,2023-05-06 12:46:27,10.0,2,95,Questão 17,False,True,Aluno 21
21,77,16112,1683413082,,1683413366,1.000.000,2023-05-06 22:44:42,2023-05-06 22:49:26,10.0,44,77,Questão 16,False,True,Aluno 30
21,95,16116,1683415160,,1683415165,10.000.000,2023-05-06 23:19:20,2023-05-06 23:19:25,10.0,4,95,Questão 17,False,True,Aluno 30
21,94,16224,1683490562,,1683490566,10.000.000,2023-05-07 20:16:02,2023-05-07 20:16:06,10.0,22,94,Questão 18,False,True,Aluno 30
40,77,16379,1683513892,,1683513967,857.000,2023-05-08 02:44:52,2023-05-08 02:46:07,8.57,19,77,Questão 16,True,False,Aluno 09
57,75,16387,1683545369,,1683545393,10.000.000,2023-05-08 11:29:29,2023-05-08 11:29:53,10.0,5,75,Questão 15,True,False,Aluno 27
57,76,16392,1683545891,,1683545895,0,2023-05-08 11:38:11,2023-05-08 11:38:15,0.0,8,76,Questão 14,True,False,Aluno 27
57,95,16398,1683546834,,1683546839,10.000.000,2023-05-08 11:53:54,2023-05-08 11:53:59,10.0,4,95,Questão 17,True,False,Aluno 27
22,94,16415,1683548582,,1683548592,10.000.000,2023-05-08 12:23:02,2023-05-08 12:23:12,10.0,3,94,Questão 18,True,False,Aluno 21
44,94,16425,1683549688,,1683549755,10.000.000,2023-05-08 12:41:28,2023-05-08 12:42:35,10.0,4,94,Questão 18,True,False,Aluno 24
57,94,16454,1683551306,,1683551309,10.000.000,2023-05-08 13:08:26,2023-05-08 13:08:29,10.0,15,94,Questão 18,True,False,Aluno 27
60,94,16490,1683552743,,1683552766,10.000.000,2023-05-08 13:32:23,2023-05-08 13:32:46,10.0,28,94,Questão 18,True,False,Aluno 29
27,94,16505,1683555651,,1683555686,10.000.000,2023-05-08 14:20:51,2023-05-08 14:21:26,10.0,17,94,Questão 18,True,False,Aluno 28
20,94,19399,1683888504,,1683888515,10.000.000,2023-05-12 10:48:24,2023-05-12 10:48:35,10.0,35,94,Questão 18,True,False,Aluno 06
54,91,19460,1684010797,,1684010801,1.000.000,2023-05-13 20:46:37,2023-05-13 20:46:41,10.0,22,91,Questão 12,True,False,Aluno 19
54,76,19472,1684012413,,1684012417,1.000.000,2023-05-13 21:13:33,2023-05-13 21:13:37,10.0,5,76,Questão 14,True,False,Aluno 19
54,75,19473,1684013487,,1684013519,10.000.000,2023-05-13 21:31:27,2023-05-13 21:31:59,10.0,1,75,Questão 15,True,False,Aluno 19
54,77,19477,1684014318,,1684014321,1.000.000,2023-05-13 21:45:18,2023-05-13 21:45:21,10.0,4,77,Questão 16,True,False,Aluno 19
54,95,19478,1684014815,,1684014835,10.000.000,2023-05-13 21:53:35,2023-05-13 21:53:55,10.0,1,95,Questão 17,True,False,Aluno 19
54,94,19491,1684016091,,1684016095,10.000.000,2023-05-13 22:14:51,2023-05-13 22:14:55,10.0,11,94,Questão 18,True,False,Aluno 19
65,76,20233,1684328033,,1684328060,200.000,2023-05-17 12:53:53,2023-05-17 12:54:20,2.0,36,76,Questão 14,True,False,Aluno 08
31,81,20431,1684352447,,1684352541,1.000.000,2023-05-17 19:40:47,2023-05-17 19:42:21,10.0,11,81,Questão 3,True,False,Aluno 34
65,75,20664,1684414249,,1684414280,10.000.000,2023-05-18 12:50:49,2023-05-18 12:51:20,10.0,15,75,Questão 15,True,False,Aluno 08
31,82,20698,1684417314,,1684417500,1.000.000,2023-05-18 13:41:54,2023-05-18 13:45:00,10.0,16,82,Questão 4,True,False,Aluno 34
29,84,20866,1684437327,,1684437331,1.000.000,2023-05-18 19:15:27,2023-05-18 19:15:31,10.0,19,84,Questão 6,True,False,Aluno 33
31,83,21197,1684502349,,1684502379,1.000.000,2023-05-19 13:19:09,2023-05-19 13:19:39,10.0,12,83,Questão 5,True,False,Aluno 34
65,95,21279,1684505988,,1684506165,8.000.000,2023-05-19 14:19:48,2023-05-19 14:22:45,8.0,7,95,Questão 17,True,False,Aluno 08
40,76,21363,1684527175,,1684527178,1.000.000,2023-05-19 20:12:55,2023-05-19 20:12:58,10.0,19,76,Questão 14,True,False,Aluno 09
65,77,21392,1684527492,,1684527559,143.000,2023-05-19 20:18:12,2023-05-19 20:19:19,1.43,72,77,Questão 16,True,False,Aluno 08
42,94,21485,1684528602,,1684528609,10.000.000,2023-05-19 20:36:42,2023-05-19 20:36:49,10.0,16,94,Questão 18,True,False,Aluno 37
40,94,21578,1684529527,,1684529546,10.000.000,2023-05-19 20:52:07,2023-05-19 20:52:26,10.0,15,94,Questão 18,True,False,Aluno 09
65,94,21758,1684544645,,1684544664,7.500.000,2023-05-20 01:04:05,2023-05-20 01:04:24,7.5,28,94,Questão 18,True,False,Aluno 08
31,84,22200,1684615406,,1684615426,1.000.000,2023-05-20 20:43:26,2023-05-20 20:43:46,10.0,16,84,Questão 6,True,False,Aluno 34
31,85,22347,1684617478,,1684617483,1.000.000,2023-05-20 21:17:58,2023-05-20 21:18:03,10.0,10,85,Questão 7,True,False,Aluno 34
31,86,23032,1684705718,,1684705723,1.000.000,2023-05-21 21:48:38,2023-05-21 21:48:43,10.0,15,86,Questão 8,True,False,Aluno 34
31,87,23369,1684757300,,1684757356,1.000.000,2023-05-22 12:08:20,2023-05-22 12:09:16,10.0,11,87,Questão 9,True,False,Aluno 34
31,88,23934,1684775279,,1684775316,1.000.000,2023-05-22 17:07:59,2023-05-22 17:08:36,10.0,3,88,Questão 10,True,False,Aluno 34
31,90,24225,1684777439,,1684777468,1.000.000,2023-05-22 17:43:59,2023-05-22 17:44:28,10.0,8,90,Questão 11,True,False,Aluno 34
23,91,24748,1684808319,,1684808325,1.000.000,2023-05-23 02:18:39,2023-05-23 02:18:45,10.0,36,91,Questão 12,True,False,Aluno 32
31,91,25497,1685105399,,1685105735,250.000,2023-05-26 12:49:59,2023-05-26 12:55:35,2.5,13,91,Questão 12,True,False,Aluno 34
31,95,26996,1685985982,,1685985985,10.000.000,2023-06-05 17:26:22,2023-06-05 17:26:25,10.0,3,95,Questão 17,True,False,Aluno 34
